:10000000F82C0020E1AB000069030000D9AC00002F
:1000100000000000000000000000000000000000E0
:10002000000000000000000000000000D9AC00004B
:100030000000000000000000D9AC0000D9AC0000B6
:10004000D9AC0000D9AC0000D9AC00000D7A00009A
:10005000B9020000D9AC0000D9AC0000A5750000C1
:10006000D9AC0000C58D0000DD8D0000F58D0000CD
:100070000D8E0000258E00003D8E0000D9AC0000E2
:10008000D9AC0000D9AC0000D9AC0000D9AC00005C
:10009000D9AC00000000000000000000D9AC000056
:1000A000D9AC0000D9AC0000D9AC0000D9AC00003C
:1000B0000000000010B5064C2378002B07D1054B3B
:1000C000002B02D0044800E000BF0123237010BDC4
:1000D00050010020000000004CB90000084B10B592
:1000E000002B03D00749084800E000BF0748036819
:1000F000002B00D110BD064B002BFBD09847F9E731
:1001000000000000540100204CB900004CB9000070
:1001100000000000B0B586B000AF05000C00100074
:100120001900FB1D2A1C1A70BB1D221C1A707B1D96
:10013000021C1A703B1D0A1C1A701723FB18FA1DAB
:10014000127852091A701623FB18FA1D12781F2113
:100150000A401A701623FB181B7801229A401300DC
:100160003B613B1D1A78BB6A1A43FB6A1A433B6B1F
:100170001A437B6B1343FB60294A1723FB181B7838
:10018000DB01D31804333A691A603B691B041B0C6A
:100190000ED023481723FB181B783969FA680A43E5
:1001A000A021C9050A43DB01C31828331A600EE0F9
:1001B0001B481723FB181B783A69110CFA680A438D
:1001C000D02109060A43DB01C31828331A607B1DBE
:1001D0001B78002B09D0124A1723FB181B78DB0170
:1001E000D31818333A691A6008E00D4A1723FB1830
:1001F0001B78DB01D31814333A691A60BB1D1B78D6
:10020000002B08D0064A1723FB181B78DB01D318F4
:1002100008333A691A60C046BD4606B0B0BDC04654
:100220000044004180B584B000AF0200FB1D1A708D
:100230000F23FB18FA1D127852091A70FB1D1B7848
:100240001F22134001229A401300BB60BB681B04AD
:100250001B0C0CD017480F23FB181B78BA68A02181
:10026000C9050A43DB01C31828331A600CE01148A2
:100270000F23FB181B78BA68120CD02109060A4319
:10028000DB01C31828331A600A4A0F23FB181B78B6
:10029000DB01D3180433BA681A60064A0F23FB182F
:1002A0001B78DB01D3181433BA681A60C046BD4608
:1002B00004B080BD0044004180B582B000AF274A41
:1002C000274B1B68DB431B041B0C1361FB1D012226
:1002D0001A7033E0FB1D1A78224913009B009B180B
:1002E0009B00CB1808331A6880235B029A4225D002
:1002F0001A4B1969FB1D1A781A4813009B009B18AA
:100300009B00C31808331B680B4017D0FB1D1A78DD
:10031000144913009B009B189B00CB1810331B68DB
:1003200098470E4AFB1D19780E480B009B005B187E
:100330009B00C31808331B681361C046074B1B6939
:10034000002B06D0FB1D1B78FA1D591E1170002BC7
:10035000C0D1C046BD4602B080BDC04600180040B6
:10036000800100206C01002080B500AF094AD378DD
:1003700001210B43D370084B1B781900074A0B006F
:100380009B005B189B00D31810331B689847C0462E
:10039000BD4680BD001800400C0000206C0100200C
:1003A00080B582B000AF78607B6818687B68596858
:1003B0007B689B681A00034B9847C046BD4602B055
:1003C00080BDC0462984000080B582B000AF78604F
:1003D000C0467B681B681B68DB69002BF9D17B6812
:1003E0001B681B687A6812681268126802210A4347
:1003F0001A60C046BD4602B080BD80B582B000AF75
:1004000078600A00FB1C1A707B681B681B68FA1C6A
:1004100012789A62C0467B681B681B681B7EDBB241
:100420001A0004231340F6D07B681B681B689B6A84
:10043000DBB21800BD4602B080BD90B587B000AFFA
:10044000F8600C00100019000A23FB18221C1A8007
:100450000823FB18021C1A80FB1D0A1C1A700A23B1
:10046000FB181A880823FB181B88D31A0733002BA4
:1004700000DA0733DB10013BFA68D3181B78190048
:100480000823FB181B880722134019410B007B61CE
:100490000823FB181B8807221A40FB1D1B78D31862
:1004A000082B1CDD0A23FB181A880823FB181B885D
:1004B000D31A0733002B00DA0733DB10023BFA684C
:1004C000D3181B7819000823FB181B880722134038
:1004D0000822D31A99400B007A6913437B610823E1
:1004E000FB181B8807221A40FB1D1B78D318102B02
:1004F0001CDD0A23FB181A880823FB181B88D31A53
:100500000733002B00DA0733DB10033BFA68D318FC
:100510001B7819000823FB181B88072213401022A0
:10052000D31A99400B007A6913437B610823FB18A7
:100530001B8807221A40FB1D1B78D318102B1CDDCB
:100540000A23FB181A880823FB181B88D31A0733C1
:10055000002B00DA0733DB10033BFA68D3181B7853
:1005600019000823FB181B88072213401022D31AF6
:1005700099400B007A6913437B61FB1D1B780122B4
:100580009A4013005A1E7B6913407B617B691800F7
:10059000BD4607B090BD000080B582B000AF234BD0
:1005A0007B60234B00211800224B984703001A0060
:1005B00001235340DBB2002B01D0002331E01E4B5E
:1005C000984703003B603B680122134006D07B68DC
:1005D0005A1E7A60002BE4D1002322E0C046174B5C
:1005E00000211800134B984703001A0001235340C1
:1005F000DBB2002B01D0002313E00F4B9847020021
:10060000C023DB051A408023DB059A4208D10C4B3E
:100610001A680B4B1B68DB7A08210B43DBB2D372E1
:1006200001231800BD4602B080BDC046EE1B00008D
:10063000011100002D9600006D9800003A050000A1
:10064000A801002080B586B000AF0200FB1D1A7023
:100650002E4B3B612E4B002118002E4B9847030078
:100660001A0001235340DBB2002B01D0002348E0E5
:1006700000237B61FB1D1B78002B04D07B6980224B
:10068000D20513437B617B69234A19001000214B7B
:10069000984703001A0001235340DBB2002B01D01E
:1006A00000232EE01D4B98470300FB60FB680122EE
:1006B000134006D03B695A1E3A61002BCAD1002371
:1006C0001FE0C046164B00211800124B984703004C
:1006D0001A0001235340DBB2002B01D0002310E0AD
:1006E0000E4B984702008023DB05134008D00D4BCA
:1006F0001A680C4B1B68DB7A08210B43DBB2D37200
:1007000001231800BD4606B080BDC046EE1B0000A8
:10071000371100002D960000291100006D9800008F
:100720003A050000A801002080B500AF01231800A1
:10073000BD4680BD80B584B000AF78607B68002284
:100740001A70D5235B00144A19001000134B984708
:1007500003001A0001235340DBB2002B01D0012318
:1007600015E00F4B98470300FB60FB68013301D194
:1007700001230CE0FB681B051A0DD5235B009A4290
:1007800001D0002303E07B6801221A7001231800C6
:10079000BD4604B080BDC046085500002D9600003F
:1007A0006D98000090B589B002AF786080239A0000
:1007B00041480023009301230021404CA04703003F
:1007C0001A0001235340DBB2002B01D000236EE05E
:1007D0001623FB1800221A8014E01023FB181800BF
:1007E000374B984703001A0001235340DBB2002B1C
:1007F00001D000235BE01623FB181A881623FB1890
:1008000001321A801623FB181B88312BE5D93B696E
:10081000DBB202221340DAB27B681A70294B1B68E4
:100820000E3318000C233E228021274CA0470200E3
:10083000264B9A4235D114E00C23FB181800204BAC
:10084000984703001A0001235340DBB2002B01D06C
:1008500000232CE01623FB181A881623FB180132FC
:100860001A801623FB181B88352BE5D9154B1B68FE
:10087000FA6852085A6014E00C23FB181800104B59
:10088000984703001A0001235340DBB2002B01D02C
:1008900000230CE01623FB181A881623FB180132DC
:1008A0001A801623FB181B887F2BE5D9012318001B
:1008B000BD4607B090BDC04608110800559600001F
:1008C00081980000A80100203B040000FF0F0000F9
:1008D00090B583B002AF154B1B681B8919041448EF
:1008E0000123009301231022124CA04703001A0099
:1008F00001235340DBB2002B01D0002312E00B4B4D
:100900001B680E33012118000B4B984703001A0097
:1009100001235340DBB2002B01D0002302E0074B40
:10092000984703001800BD4601B090BDA801002003
:10093000091108005596000025990000C99900008A
:10094000B0B584B000AF454B1B680E3318000423CC
:100950007A228021424CA0470300022B11D002D8FA
:10096000012B09D003E0032B10D0042B13D03B4BF9
:100970001B6812221A7313E0384B1B6814221A7377
:100980000EE0364B1B6822221A7309E0334B1B68BA
:1009900030221A7304E0314B1B6840221A73C046A0
:1009A0002E4B1B680E3318000823602280212C4C2C
:1009B000A0470300FB60FB6807221A40294B920006
:1009C000D358BB60FB68DB080F221A40264B92000D
:1009D000D3587B60214B1B68BA6879684A43FA2177
:1009E00089004A431A601D4B1B680E3318000C2304
:1009F0003E2280211A4CA04702001C4B9A4228D06C
:100A0000164B1B680E3318000C233E228021144C19
:100A1000A04703005C1C114B1B680E331800032316
:100A20002F2280210E4DA847030002339C40230053
:100A30003B600A4B1C68094B1B680E3318000423EB
:100A400050228021064DA84702003B6893409B0A34
:100A50006360C046BD4604B0B0BDC046A8010020DA
:100A60003B04000004B6000060B60000FF0F000069
:100A7000B0B584B000AF354B1B680E3318000823A7
:100A800060228021324CA0470300FB60FB680722F4
:100A90001A40304B9200D358BB60FB68DB080F2232
:100AA0001A402D4B9200D3587B60284B1B68BA68C4
:100AB00079684A43FA2189004A431A60234B1B682C
:100AC0000E33180002237E228021214CA047031EF2
:100AD0000FD01E4B1C681D4B1B680E3318001623CD
:100AE000302280211A4DA847030001335B02636066
:100AF00028E0164B1B680E3318000C233E22802181
:100B0000134CA04703005C1C104B1B680E331800ED
:100B100003232F2280210E4DA847030002339C405F
:100B200023003B60094B1C68084B1B680E33180000
:100B3000042350228021064DA84702003B689340C1
:100B40009B0A6360C046BD4604B0B0BDA80100204A
:100B50003B04000004B6000020B6000080B582B05F
:100B600000AF114B7B60114B00211800104B9847D0
:100B700003001A0001235340DBB2002B01D00023F5
:100B80000EE00C4B98470200FF23134006D07B6811
:100B90005A1E7A60002BE6D1002301E0C0460123F3
:100BA0001800BD4602B080BD400D03000D1B0000C3
:100BB0002D9600006D98000090B585B002AF384BBF
:100BC0001B681B891B04374A19001000364B9847D5
:100BD00003001A0001235340DBB2002B01D0002395
:100BE00059E0324801230093012308220021304CB0
:100BF000A04703001A0001235340DBB2002B01D0B1
:100C0000002348E03B00012118002A4B98470300CD
:100C10001A0001235340DBB2002B01D000233AE03D
:100C2000254B984703001A0001235340DBB2002BE9
:100C300001D000232FE038000423382240211F4C2C
:100C4000A0470300012B08D002D3022B0AD01CE0DE
:100C5000134B1B6810221A731CE0114B1B681A22DD
:100C60001A7317E0380001232F224021134CA047AC
:100C70000300012B04D10A4B1B6830221A7309E0D0
:100C8000074B1B6820221A7304E0054B1B681022D7
:100C90001A73C04601231800BD4603B090BDC0467C
:100CA000A8010020371100002D9600003311080024
:100CB0005596000025990000C99900003B040000EA
:100CC00080B582B000AF0200FB1D1A70FB1D1B78BF
:100CD000002B01D0042347E0FB1D1B78244A5B0155
:100CE000D3180A331B78042B08D0FB1D1B78204A2D
:100CF0005B01D3180A331B78032B1DD1FB1D1B7816
:100D00001B4A5B01D3180A3302221A70FB1D1A78A2
:100D1000174B52011749D150FB1D1B78144A5B0138
:100D2000D3180D3301221A70FB1D1B78104A5B018A
:100D3000D3181E3300221A700F4BFA1D12781A7046
:100D4000FB1D1B785A010A4BD2180C4B1A600C4B36
:100D50009847FB1D1B78064A5B01D3180A331B78A2
:100D6000023B5A425341DBB21800BD4602B080BD7F
:100D700084010020801A0600A4010020A8010020A0
:100D8000850D0000B0B500AF094B1878094B1B6802
:100D90001968084B1B685A7B064B1B689B7F5C1EBF
:100DA000A341DBB2044CA047C046BD46B0BDC0461F
:100DB000A4010020A80100201595000080B500AF17
:100DC000054B1B78002B04D1034B1B781800034BF9
:100DD0009847C046BD4680BDA40100209D950000F7
:100DE00080B582B000AFFB1D00221A70594B1B6802
:100DF0000122DA72574B1B6800221A73554B1B688D
:100E000000221A81544B984788235B010021180067
:100E1000524B984703001A0001235340DBB2002BCA
:100E200001D0002392E0FB1D18004D4B98470300B2
:100E30001A0001235340DBB2002B01D0002385E0D0
:100E4000484B984703001A0001235340DBB2002BA4
:100E500001D000237AE03F4B1B68DB7A1A000123A4
:100E6000134021D0FB1D1B7818003F4B984703000F
:100E70001A0001235340DBB2002B07D0354B1B680F
:100E80000222DA72394B984703005FE0384B0021A9
:100E90001800324B984703001A0001235340DBB27D
:100EA000002B01D0002351E02A4B1B68DB7A1A008B
:100EB0000123134017D02F4B984703001A0001233A
:100EC0005340DBB2002B01D000233FE02A4B984770
:100ED0002A4B984703001A0001235340DBB2002B32
:100EE00001D0002332E01B4B1B68DB7A1A00012380
:100EF000134016D0174B1B68DB7A1A0008231340E7
:100F00000FD180239B001E4A19001000134B9847F5
:100F100003001A0001235340DBB2002B01D0002351
:100F200014E00C4B1B68DB7A1A00012313400AD033
:100F3000144B984703001A0001235340DBB2002BE7
:100F400001D0002302E0104B984701231800BD4652
:100F500002B080BDA8010020E19500002D960000A0
:100F60003507000029070000450600008D0F00002E
:100F70003B110000D1080000710A0000B90B00000D
:100F8000101100005D0B0000850D000080B582B0DF
:100F900000AF88235B0100211800324B9847030003
:100FA0001A0001235340DBB2002B01D0002355E08F
:100FB0002D4B984703001A0001235340DBB2002B4E
:100FC00001D000234AE0294B00211800254B984707
:100FD00003001A0001235340DBB2002B01D0002391
:100FE0003CE0234B984703001A0001235340DBB237
:100FF000002B01D0002331E01E4B98471E4B1B688D
:101000001B7B3F2B0CD9FB1D18001C4B9847030082
:101010001A0001235340DBB2002B01D000231DE056
:1010200080239B00164A190010000E4B98470300BE
:101030001A0001235340DBB2002B01D000230DE046
:10104000104B984703001A0001235340DBB2002BDA
:1010500001D0002302E00C4B984701231800BD4645
:1010600002B080BD2D960000990500003B110000E4
:10107000D108000041090000A8010020A5070000D8
:10108000101100005D0B0000850D000080B582B0DE
:1010900000AFFB1D00221A700CE0FB1D1B780C4AF0
:1010A0005B01D3180A3304221A70FB1D1A78FB1D4A
:1010B00001321A70FB1D1B78002BEED0054BFF226E
:1010C0001A70054B9847C046BD4602B080BDC04669
:1010D00084010020A40100205D94000090B585B03B
:1010E00000AF0200FB1D1A700F23FC18FB1D1B78BC
:1010F0001800134B9847030023700F23FB181B782D
:10110000012B05D00F4B98470F23FB181B7812E0DB
:101110000D4B9847031E07D00C4B1B6800229A7298
:10112000084B9847012306E0084B1B6803229A727C
:10113000044B984703231800BD4605B090BDC04638
:10114000C10C0000BD0D0000E10D0000A801002051
:1011500080B582B000AF0200FB1D1A70FB1D1B782A
:101160001800074B9847031E01D0002304E0054BED
:101170009847054B1B68DB7A1800BD4602B080BD5E
:10118000C10C0000BD0D0000A801002080B582B098
:1011900000AF0200FB1D1A70FB1D1B781800074BE7
:1011A0009847031E01D0002304E0054B9847054BE8
:1011B0001B685B681800BD4602B080BDC10C000012
:1011C000BD0D0000A801002080B582B000AF020074
:1011D000FB1D1A7000231800BD4602B080BD000040
:1011E00090B589B002AF39601100FB1D021C1A7066
:1011F0003B1D0A1C1A800F23FC18FB1D1B781800CE
:10120000294B9847030023700F23FB181B78002BF2
:1012100003D00F23FB181B7841E0244B98470300B1
:101220001A0001235340DBB2002B03D0204B984718
:10123000052334E03B1D1B88012B02D91D4B7B612C
:1012400001E01D4B7B611D4B1B68DB7A1A000823F4
:10125000134002D03B683B6102E03B685B023B61AC
:101260003B1D1C8880239A0039697869012300930B
:101270002300134CA04703001A0001235340DBB2A4
:10128000002B03D00A4B9847052308E00D4B3A1D6D
:1012900012881A800C4B3A1D12881A8000231800FD
:1012A000BD4607B090BDC046C10C00005D0B0000FC
:1012B000BD0D00001211100011110800A80100203E
:1012C00055960000AE010020AC01002080B582B030
:1012D00000AF78600A00BB1C1A80BB1C1A887B68B0
:1012E000110018000D4B984703001A0001235340CA
:1012F000DBB2002B04D00A4B00221A80052308E041
:10130000074B1A88BB1C1B88D31A9AB2044B1A804D
:1013100000231800BD4602B080BDC04625990000DC
:10132000AE01002080B582B000AF0200FB1D1A7034
:101330001C4B984703001A0001235340DBB2002BDB
:1013400001D0052329E0FB1D1B78002B03D0164B91
:1013500000221A8005E0144B1B88002B01D00023CB
:101360001BE0124B1B88012B03D1114B9847002324
:1013700013E0104B002118000F4B984703001A0090
:1013800001235340DBB2002B04D00A4B002118008C
:10139000094B9847064B984700231800BD4602B0FA
:1013A00080BDC046C9990000AE010020AC010020FC
:1013B000BD0D00000C3100002D96000090B589B0E5
:1013C00002AF39601100FB1D021C1A703B1D0A1C84
:1013D0001A800F23FC18FB1D1B781800284B984718
:1013E000030023700F23FB181B78002B03D00F235F
:1013F000FB181B783FE0FB1D1B781800214B98471A
:10140000031E03D0204B9847072334E03B1D1B8865
:10141000012B02D91D4B7B6101E01D4B7B611D4BF4
:101420001B68DB7A1A000823134002D03B683B613B
:1014300002E03B685B023B613B1D1C8880239A00F5
:1014400039697869012300932300134CA0470300F6
:101450001A0001235340DBB2002B03D00A4B9847FC
:10146000052308E00D4B3A1D12881A800C4B3A1DDB
:1014700012881A8000231800BD4607B090BDC046F0
:10148000C10C0000C9110000BD0D00001991100031
:1014900018910800A801002055960000AE01002018
:1014A000AC01002080B582B000AF78600A00BB1CA0
:1014B0001A80BB1C1A887B68110018000D4B9847D6
:1014C00003001A0001235340DBB2002B04D00A4B67
:1014D00000221A80052308E0074B1A88BB1C1B88D2
:1014E000D31A9AB2044B1A8000231800BD4602B0EA
:1014F00080BDC046D5990000AE01002080B582B005
:1015000000AF0200FB1D1A70134B984703001A002E
:1015100001235340DBB2002B01D0052318E0FB1D53
:101520001B78002B03D00D4B00221A8005E00B4BDB
:101530001B88002B01D000230AE0094B1B88012BDC
:1015400003D1084B9847002302E0064B984700233D
:101550001800BD4602B080BD959A0000AE01002083
:10156000AC010020BD0D000080B582B000AF0200CC
:10157000FB1D1A70FB1D1B781800164B98470300C3
:10158000012B19D0022B19D0002B1ED1FB1D1B786B
:10159000114AD35C002B01D0022317E0FB1D1B78FE
:1015A00018000E4B984703001A000323134001D084
:1015B00000230BE0022309E0032307E0FB1D1B7857
:1015C000054A0021D154022300E001231800BD4642
:1015D00002B080BDDD100000B001002051110000FC
:1015E00080B500AF0020034B984703001800BD46AC
:1015F00080BDC0466915000080B582B000AF020012
:101600003960FB1D1A70FB1D1B781800084B9847AA
:1016100003005B005A1E3B681A60FB1D1B78180014
:10162000044B984703001800BD4602B080BDC04679
:101630008D1100006915000080B582B000AF7860A0
:101640007B6819000020034B984703001800BD4633
:1016500002B080BDF915000080B582B000AF020075
:10166000FB1D1A70BB1D0A1C1A70FB1D1B78044A57
:10167000B91D0978D15401231800BD4602B080BDC0
:10168000B001002080B582B000AF0200FB1D1A70CF
:10169000FB1D1B7819000020034B9847030018001E
:1016A000BD4602B080BDC0465916000080B582B06C
:1016B00000AF0200FB1D1A70FB1D1B781800034BC6
:1016C000984703001800BD4602B080BDC911000054
:1016D00080B500AF0020034B984703001800BD46BB
:1016E00080BDC046AD16000080B582B000AF0200DC
:1016F000FB1D1A7000231800BD4602B080BD00001B
:1017000080B500AF0020034B984703001800BD468A
:1017100080BDC046E916000090B585B000AF3960C5
:101720001100FB1D021C1A703B1D0A1C1A800F239E
:10173000FB1801221A703B1D1A883968FB1D1B78A3
:1017400018003C4B9847031E05D0022B01D1022301
:101750006CE001236AE0C0460C23FB183A1D128896
:1017600001321A8058E00C23FB181B88002B12D082
:101770000C23FB181B88012213409BB2002B01D1C4
:101780002D4B00E02D4B012118002D4B9847031ED7
:1017900001D001234AE00F23FB181B78012253409C
:1017A000DBB2002B24D00C23FB181B880122134032
:1017B0009BB2002B01D1214900E01F4980239A00F0
:1017C000002301201F4CA04703001A0001235340AF
:1017D000DBB2002B10D00F23FB181B7801225340E3
:1017E000DBB2002B02D00120174B984701231DE0EC
:1017F0000F23FB1800221A700C23FB181B88002BE8
:1018000006D00020104B9847031E01D001230DE0A5
:101810000F23FB1800221A700C23FB181B880C22C4
:10182000BA18591E1180002B9DD100231800BD4607
:1018300005B090BDE1110000080700200805002058
:10184000CD120000CD3600002513000080B582B017
:1018500000AF78600A00BB1C1A80BB1C1A887B682A
:1018600019000020034B984703001800BD4602B042
:1018700080BDC0461917000090B585B000AF396033
:101880001100FB1D021C1A703B1D0A1C1A800F233D
:10189000FB1801221A703B1D1A883968FB1D1B7842
:1018A0001800404B9847031E05D0022B01D102239C
:1018B00073E0012371E0C0460C23FB183A1D128827
:1018C00001321A805FE00F23FB181B78012253407E
:1018D000DBB2002B12D00C23FB181B880122134013
:1018E0009BB2002B01D1304B00E0304B012118009E
:1018F0002F4B9847031E01D001234EE00C23FB1809
:101900001B88002B24D00C23FB181B8801221340BA
:101910009BB2002B01D1254900E0234980239A0086
:1019200000230020234CA04703001A00012353404A
:10193000DBB2002B0CD00F23FB181B780122534085
:10194000DBB2002B02D001201B4B9847012324E07F
:101950000F23FB181B7801225340DBB2002B0ED063
:101960000020154B9847030019000F23FB180F2286
:10197000BA1812781A70002905D001230DE00F2340
:10198000FB1800221A700C23FB181B880C22BA18B3
:10199000591E1180002B96D100231800BD4605B0BA
:1019A00090BDC046BD1300000807002008050020B8
:1019B000A5140000CD360000FD14000080B582B0F3
:1019C00000AF78600A00BB1C1A80BB1C1A887B68B9
:1019D00019000020034B984703001800BD4602B0D1
:1019E00080BDC0467918000080B500AF0123180003
:1019F000BD4680BD80B584B000AF0200FB1D1A70EB
:101A0000FB1D1B78002B08D1FB1D1A78084B5201D7
:101A1000D358984703001A0000E001220F23FB1857
:101A20001A700F23FB181B781800BD4604B080BD48
:101A3000B4B6000080B584B000AF02003960FB1D71
:101A40001A70FB1D1B78002B0CD1FB1D1B780B4A59
:101A50005B01D31804331B683A68100098470300F1
:101A60001A0000E001220F23FB181A700F23FB1845
:101A70001B781800BD4604B080BDC046B4B6000057
:101A800080B584B000AF0200FB1D1A70BB1D0A1C9C
:101A90001A70FB1D1B78002B25D1FB1D1B78174AE4
:101AA0005B01D31808331B68002B0FD0FB1D1B787C
:101AB000124A5B01D31808331B68BA1D1278100054
:101AC000984703005A1E9341DBB20DE0BB1D1B7803
:101AD0005A1E9341DBB201225340DBB21A1C012390
:101AE0001340DBB200E000230F22BA1813700F235B
:101AF000FB181B781800BD4604B080BDB4B60000CA
:101B000080B584B000AF0200FB1D1A70FB1D1B786E
:101B1000002B09D1FB1D1B780A4A5B01D3180C333B
:101B20001B689847031E01D0012200E000220F230A
:101B3000FB181A700F23FB181B781800BD4604B061
:101B400080BDC046B4B6000080B584B000AF0200CE
:101B5000FB1D1A70FB1D1B78002B09D1FB1D1B7888
:101B60000A4A5B01D31810331B689847031E01D043
:101B7000012200E000220F23FB181A700F23FB182C
:101B80001B781800BD4604B080BDC046B4B6000046
:101B900080B582B000AF0200FB1D1A70FB1D1B78E0
:101BA000002B01D1034B00E000231800BD4602B01A
:101BB00080BDC046A0B6000080B584B000AF3960DB
:101BC0001100FB1D021C1A703B1D0A1C1A80FB1D14
:101BD0001B78002B0ED1FB1D1B780C4A5B01D31820
:101BE00014331B683A1D11883A68100098470300A7
:101BF0001A0000E001220F23FB181A700F23FB18B4
:101C00001B781800BD4604B080BDC046B4B60000C5
:101C100080B584B000AF39601100FB1D021C1A7042
:101C20003B1D0A1C1A80FB1D1B78002B0ED1FB1DCF
:101C30001B780C4A5B01D31818331B683A1D1188B6
:101C40003A681000984703001A0000E001220F23B1
:101C5000FB181A700F23FB181B781800BD4604B040
:101C600080BDC046B4B6000080B582B000AFEFF3CF
:101C700010837B607B685A425341DBB23B6072B693
:101C8000BFF35F8F034B00221A703B681800BD46FC
:101C900002B080BD4D01002080B582B000AF7860F9
:101CA0007B685A1E9341DBB21800BD4602B080BD6E
:101CB00080B582B000AF78607B681800064B98470B
:101CC000031E05D0054B01221A70BFF35F8F62B669
:101CD000C046BD4602B080BD991C00004D010020E9
:101CE00080B500AF0C4B00221A700C4B00221A700A
:101CF0000B4B01221A700B4B984703001A0001236B
:101D00005340DBB2002B01D0002302E0064B984782
:101D100003001800BD4680BDB4010020B8010020BA
:101D2000B9010020E91E0000DD20000080B500AFF1
:101D3000024B9847C046BD4680BDC046F520000016
:101D4000B0B500AF044B054A05490648064CA0470C
:101D500003001800BD46B0BD791D000094000020AE
:101D6000B8010020B4010020D527000080B500AFE5
:101D700000231800BD4680BD80B500AF0F4B5B88C7
:101D80001B0A9BB2032B15D10C4B5B88FF2213401F
:101D90009BB2002B0ED1094BDB88082B0AD1074BD5
:101DA000074A9A60054B074A1A61044B08229A8138
:101DB000012300E000231800BD4680BD740B002005
:101DC0003C020020791E000090B587B002AF786019
:101DD000214B1B7801225340DBB2002B01D00023A2
:101DE00036E01E4B98470300FB601D4B402200214C
:101DF00018001C4B98471A4A7B68100019004023B2
:101E00001A00194B9847164A184B0093402300219B
:101E10008320174CA04703005A1E9341DBB20122D6
:101E20005340DBB21A1C01231340DAB20A4B1A707A
:101E3000FB6818000F4B9847074B1B785A1E9341BD
:101E4000DBB201225340DBB21A1C01231340DBB288
:101E50001800BD4605B090BDB9010020691C000006
:101E6000BC010020F3B50000E1B50000151F000023
:101E7000C94E0000B11C000080B500AF054B9B8926
:101E8000082B04D1044B1800044B984700E0C046CF
:101E9000BD4680BD740B00203C020020E91F0000FD
:101EA00080B582B000AF39601100FB1D021C1A70B2
:101EB000BB1D0A1C1A70FB1D1B78002B09D13B6847
:101EC000402B03D1054B1800054B9847054B98470D
:101ED00000E0C046BD4602B080BDC046FC01002007
:101EE000F91F0000E91E000090B583B002AF064A5A
:101EF000064B0093402300210420054CA04703001B
:101F00001800BD4601B090BDFC010020A11E0000DC
:101F1000C94E000080B582B000AF39601100FB1DD2
:101F2000021C1A70BB1D0A1C1A70034B01221A7086
:101F3000C046BD4602B080BDB901002080B582B068
:101F400000AF02003960FB1D1A70FB1D1B78012BCE
:101F50000AD0022B0FD0002B14D10E4B0D4A9169E1
:101F60003A680A439A610FE00A4B0A4AD1693A6813
:101F70000A43DA6108E0074B064A116A3A680A43E5
:101F80001A6201E0172300E000231800BD4602B0EA
:101F900080BDC0460004004080B500AF0221022091
:101FA000074B9847074B01221A70C046054B1B7818
:101FB000DBB21A0001231340F8D1C046BD4680BDF4
:101FC0003D1F00000004004280B500AFBFF34F8FFB
:101FD000034B044ADA60BFF34F8FC046FDE7C046AB
:101FE00000ED00E00400FA0580B582B000AF786033
:101FF000C046BD4602B080BDF0B583B000AF78608A
:10200000294A7B681000190040231A00274B984783
:10201000274B402200211800264B9847224B1B8853
:10202000022B35D002DC002B34DB38E0032B33D01D
:10203000AB2B00D02EE01E4BBA221A801C4B18008E
:102040001D4B9847031E29D01C4B984700201C4B62
:10205000984703001D0000231E001A4C6422002331
:1020600028003100A04703000C0019002200164B85
:102070000024C918624108001100144C144A0023BE
:10208000A04703000C001800124B9847124B9847CA
:10209000C04604E0C04602E0C04600E0C046C0467C
:1020A000BD4603B0F0BDC04688020020E1B5000087
:1020B00048020020F3B50000C91D0000619B00002C
:1020C00095A70000ADB30000571B00006DB30000E2
:1020D000581B000001000020C91F000080B500AFA0
:1020E000034B01221A7001231800BD4680BDC04673
:1020F0004402002080B500AF044B00221A70044B4C
:1021000000221A70C046BD4680BDC0464402002071
:102110004602002080B500AF034B01221A70012354
:102120001800BD4680BDC0464502002080B500AF06
:10213000024B00221A70C046BD4680BD45020020F9
:1021400080B500AFC046BD4680BD80B500AFC0467B
:10215000BD4680BD80B582B000AF78607B6801224B
:102160001A707B6800225A607B6800229A607B6844
:10217000C0229203DA607B6800221A747B68002216
:102180005A747B6801229A747B680122DA747B6836
:1021900000221A757B682422002199547B68183329
:1021A0000C22002118000A4B98477B68094A9A6163
:1021B0007B6800229A627B680022DA627B680022D8
:1021C0001A637B6800225A63C046BD4602B080BDD8
:1021D000F3B50000A086010080B500AF344A442367
:1021E0000721D154324A45230721D154304A46238E
:1021F0000721D1542E4A47230721D1542C4BF022DA
:102200005A602B4BF0229A61294A32230321D15480
:10221000274A33233321D154264B9B681800264B81
:102220009847244B9B6880225202DA60214B9B68BE
:10223000224A9A621F4B9B6801225242DA621D4B6E
:102240009B681F4A1A631B4B9B681E4A5A63194BB3
:102250009B6800229A60174B9B681B4A9A61154B3A
:102260009B6800221A75134B9B680022DA74114B8D
:102270001800164B98470E4B802292009A600C4A29
:1022800045230021D1540A4B802292009A61104BC1
:10229000984703001A0001235340DBB2002B00D003
:1022A000C046034B802292009A61C046BD4680BD65
:1022B00000440041CC00002055210000020008002D
:1022C00002000A0002000B00801A0600A1030000B1
:1022D000D522000080B582B000AF1D4B98471D4B42
:1022E000802292005A61FB1D00221A7007E0FF2035
:1022F000194B9847FB1D1A78FB1D01321A70FB1D04
:102300001B78092BF3D988235B0100211800134B9C
:10231000984703001A0001235340DBB2002B01D081
:10232000002311E0BB1D00221A70BB1D18000C4BCE
:10233000984703001A0001235340DBB2002B01D061
:10234000002301E0C04601231800BD4602B080BD55
:10235000912300000044004165230000ED240000AB
:102360007D24000080B582B000AF0200FB1D1A7012
:10237000FB1D1A78044B11001800044B984703000A
:102380001800BD4602B080BDCC000020FB03000059
:1023900080B500AF034B1800034B9847C046BD46BD
:1023A00080BDC046CC000020C903000080B584B0C9
:1023B00000AF78600A00FB1C1A700F23FB18002284
:1023C0001A7038E07B685A1C7A600E22BA181B78A3
:1023D00013700D23FB1800221A7027E00F23FA1840
:1023E0000F23FB181B78DB1813700E23FA180F232A
:1023F000FB1812781B785340DBB25BB2002B07DA74
:102400000F23FB180F22BA18127809214A401A70BC
:102410000E23FA180E23FB181B78DB1813700D23FC
:10242000FB181A780D23FB1801321A700D23FB18C4
:102430001B78072BD2D9FB1C1B78FA1C591E117074
:10244000002BBFD10F23FB181B785B005BB201226E
:1024500013435AB20F23FB181A700F23FB181B7873
:102460001800BD4604B080BD80B500AF024B1B68AC
:102470001800BD4680BDC0463C03002080B584B036
:1024800000AF78607B6800221A70D5235B00144A85
:1024900019001000134B984703001A000123534002
:1024A000DBB2002B01D0012315E00F4B984703004E
:1024B000FB60FB68013301D101230CE0FB681B05C5
:1024C0001A0DD5235B009A4201D0002303E07B68FC
:1024D00001221A7001231800BD4604B080BDC04619
:1024E00008550000ED2400006924000090B585B077
:1024F00002AF786039603968786800230093002360
:102500000022034CA04703001800BD4603B090BD55
:102510001525000090B58BB000AFF860B9601900C8
:10252000BB1D1A803B1D0A1C1A802423FB18FF22A6
:102530001A702223FB18FF221A802123FB18002285
:102540001A70FB68DBB23F221340DBB24022134318
:10255000DAB21823FB181A70BB681B0EDAB2182304
:10256000FB185A70BB681B0CDAB21823FB189A7060
:10257000BB681B0ADAB21823FB18DA70BB68DAB240
:102580001823FB181A711823FB1805211800704B2B
:10259000984703001A001823FB185A712423FB18CC
:1025A0001B7818006B4B98472623FB1800221A70E3
:1025B0000FE02623FB181B781822BA18D35C1800EA
:1025C000644B98472623FB181A782623FB18013200
:1025D0001A702623FB181B78052BEAD92023FB1839
:1025E000FF221A702223FB181B88DBB22022BC18A2
:1025F0001800584B9847030023702723FB18072225
:102600001A702223FB181B88DBB22022BC1818008A
:10261000504B9847030023702023FB181B785BB2B4
:10262000002B11DA2723FB182722BA181278013A57
:102630001A702723FB181B78002BE2D12123FB18EB
:1026400002221A7000237FE0C0462023FB181A786C
:10265000414B1A602023FB181B780822134005D039
:102660002123FB1806221A7000236DE02023FB189B
:102670001B780422134005D02123FB1809221A706D
:10268000002361E02023FB181B780122934305D02F
:102690002123FB1801221A70002355E0FA688023D9
:1026A0009B0113400ED02D4B984703001A000123C5
:1026B0005340DBB2002B05D02123FB1803221A70F4
:1026C000002341E0FA6880239B0013400ED02223B0
:1026D000FB181B88DBB218001E4B984703001A003A
:1026E0001D4B1A601C4B1A681B4B1A60FA6880233A
:1026F000DB00134027D02523FB1800221A7015E0B9
:102700002523FB181C782223FB181B88DBB218003A
:10271000104B984703001A001423FB181A55252361
:10272000FB181A782523FB1801321A702523FB1891
:102730001B78032BE4D97A69074B1A60064B1B6898
:102740001ABA054B1A6001231800BD460BB090BDA4
:10275000AD230000652300003C030020612700003A
:1027600090B583B000AFFB1CFF221A703B00FF2224
:102770001A803B001B88DBB2FC1C1800134B9847E7
:1027800003002370124B7B603B001B88DBB2FC1CF8
:1027900018000E4B9847030023703B001B88DBB2E8
:1027A000FC1C1800094B9847030023707B685A1ED5
:1027B0007A60002B01D1002304E0FB1C1B78FF2B67
:1027C000EBD101231800BD4603B090BD6523000086
:1027D000400D030080B584B000AFF860B9607A6046
:1027E0003B60354B1B785BB2002B32DA324B1B78E7
:1027F0001A006023134009D12F4B5B78062B05D1BB
:102800007B6818002D4B9847030051E02A4B1B783A
:102810001A0060231340202B1BD1274B5B78022B1F
:1028200007D0032B0DD0012B13D13B689847030031
:102830003EE0214BFA689A601F4B01229A810123E6
:1028400036E01D4BBA689A601B4B01229A81012326
:102850002EE0194B1B785BB2002B28DB164B1B7844
:102860001A0060231340202B21D1134B5B780A2BD5
:1028700007D00B2B0ED0092B19D13B6898470300CA
:1028800016E00D4B5B881B0A9BB2DAB2FB681A702C
:1028900001230DE0084BDB88002B01D0002307E06B
:1028A000054B5B88DAB2BB681A70012300E0002395
:1028B0001800BD4604B080BD740B0020C128000084
:1028C00080B584B000AF7860254B9847030009338A
:1028D000FB60FB685B78212B01D000233BE0214BA0
:1028E0005B881B0A9BB2DBB2212B13D11D4BFA680C
:1028F0009A60FB681B789AB21A4BDB88181C111C73
:102900008AB283B29A4200D9011C8AB2154B9A81CD
:10291000012320E0FB689A79124B5B881B0A9BB26B
:10292000DBB29A4216D10F4B7A689A60FB68DA796B
:102930001B7A1B0213439AB20A4BDB88181C111C2A
:102940008AB283B29A4200D9011C8AB2054B9A819D
:10295000012300E000231800BD4604B080BDC0463E
:10296000C5370000740B002080B582B000AF224B49
:1029700000221A70214B00221A70214B01221A707A
:10298000204B01221A70204B984703001A001F4B5E
:102990001A701E4B1B78002B01D1002328E01B4B23
:1029A0001B78013BDAB2194B1A70194B9847030098
:1029B0001A0001235340DBB2002B01D0002317E0A3
:1029C000FB1D00221A700AE0FB1D1B780021180075
:1029D000104B9847FB1D1A78FB1D01321A700B4BE8
:1029E0001B78FA1D12789A42EED90B4B98470123B7
:1029F0001800BD4602B080BD77030020760300209A
:102A0000F9000020FA000020E9190000600300200E
:102A100015210000811A0000952B000080B500AF41
:102A2000064B00221A70064B01221A70054B012238
:102A30001A70054B9847C046BD4680BD77030020FD
:102A4000F9000020FA0000202D21000080B500AF21
:102A5000294B1B785BB2002B1EDA274B1B781A0020
:102A600060231340202B17D1234B5B78FE2B13D10F
:102A7000214BDB88012B01D000233AE01E4B5B8801
:102A8000002B01D0002334E01B4B1C4A9A601A4BE8
:102A900001229A8101232CE0174B1B785BB2002B9B
:102AA00026DB154B1B781A0060231340202B1FD107
:102AB000114B5B78FF2B1BD10F4BDB88002B01D018
:102AC000002316E00C4B5B88002B01D0002310E0A4
:102AD0000B4B00221A700B4B00221A7002200A4B7B
:102AE00098478120084B9847084B9847012300E0FE
:102AF00000231800BD4680BD740B00206003002039
:102B00007603002077030020514A0000952B000037
:102B100080B500AF00231800BD4680BD80B500AF72
:102B2000094B1B7801225340DBB2002B08D1022055
:102B3000064B9847064B19000220064B984700E0C9
:102B4000C046BD4680BDC04676030020214D000032
:102B50001D2B0000F14D000080B500AF094B1B7824
:102B600001225340DBB2002B08D18120064B98474D
:102B7000064B19008120064B984700E0C046BD4631
:102B800080BDC04676030020214D0000592B000077
:102B9000F14D000090B583B002AF0C4A0C4B00938E
:102BA0001F23012102200B4CA04703001A00012320
:102BB0005340DBB2002B04D0074B19000220074B17
:102BC0009847C046BD4601B090BDC04640030020B6
:102BD000E12B0000C94E0000952B0000F14D0000D4
:102BE00080B582B000AF39601100FB1D021C1A7065
:102BF000BB1D0A1C1A70FB1D1B78002B5BD13B68A8
:102C00001F2B04D12E4B1B682E4A934207D02E4B0C
:102C100001221A702D4B98472D4B98474CE0284BBA
:102C20005B7B0F221340DAB2254B5A73244B5A7B3D
:102C3000284B1B789A4204D9274B9847274B984733
:102C40003AE01F4B9A68264B9A601D4BDB7B5A2B50
:102C50002BD89A00234BD3181B689F46224B9847CA
:102C60002AE0224B984727E00020214B984723E099
:102C700001201F4B98471FE01E4B98471CE01E4B3E
:102C8000984719E01D4B984716E01D4B984713E0F5
:102C90001C4B9847114B98470EE001201A4B984760
:102CA0000AE00020184B984706E0184B98470B4B5A
:102CB0009847C04600E0C046BD4602B080BDC04651
:102CC0004003002055534243760300201D2B000093
:102CD000592B000060030020E92F0000F92D0000AF
:102CE000EC000020D4B6000021300000813000004C
:102CF00015320000ED31000039340000C53300000A
:102D000089330000612F0000D93400000530000035
:102D100080B582B000AF78600A00FB1C1A700C4BC3
:102D20001A7BFB1C1B785340DBB25BB2002B04DB2D
:102D3000084B9A687B689A4205D2074B9847074B25
:102D40009847002300E001231800BD4602B080BD73
:102D500040030020EC000020E92F0000F92D0000C6
:102D600090B585B002AF78600A00FB1C1A70FB1C9E
:102D700019787A680A4B00930B0001218120094CD5
:102D8000A04703001A0001235340DBB2002B03D0FD
:102D9000054B9847054B9847C046BD4603B090BDCC
:102DA000B12D0000C94E0000B52F0000F92D000024
:102DB00080B582B000AF39601100FB1D021C1A7093
:102DC000BB1D0A1C1A70FB1D1B78002B0AD1074B78
:102DD0009847074B9A683B68D21A054B9A60054B97
:102DE000984700E0C046BD4602B080BD612F00009C
:102DF000EC000020F92D000080B500AF0E4B9B6861
:102E0000002B0BD00D4B1B7B5BB2002B03DA812018
:102E10000B4B984702E00220094B9847074B5A6832
:102E2000054B5A60044B9A68034B9A60054B9847D0
:102E3000C046BD4680BDC046EC00002040030020D7
:102E4000214D0000492E000090B583B002AF0C4A1E
:102E50000C4B00930D23002181200B4CA047030055
:102E60001A0001235340DBB2002B04D0074B19009A
:102E70008120074B9847C046BD4601B090BDC04673
:102E8000EC000020952E0000C94E0000492E0000E5
:102E9000F14D000080B582B000AF39601100FB1D1C
:102EA000021C1A70BB1D0A1C1A70034B9847C046BF
:102EB000BD4602B080BDC046952B000080B500AF76
:102EC000074B122200211800064B9847044BF022B2
:102ED0001A70034B0A22DA71C046BD4680BDC04657
:102EE00064030020F3B5000080B582B000AF3A6003
:102EF000FB1D021C1A703B1D0A1C1A80154B9847BB
:102F0000154B01221A73154BFA1D12789A703B6803
:102F10001B0EDAB2114BDA703B681B0CDAB20F4BA6
:102F20001A713B681B0ADAB20C4B5A713B68DAB271
:102F30000A4B9A713B1D1B881B0A9BB2DAB2074BE6
:102F40001A733B1D1B88DAB2044B5A73C046BD4648
:102F500002B080BDBD2E0000EC0000206403002004
:102F600080B500AF034B9847034B00221A73C0464D
:102F7000BD4680BDBD2E0000EC00002080B500AF36
:102F8000E8239B01002219000220024B9847C0460B
:102F9000BD4680BDE92E000080B500AFA0239B0197
:102FA000002219000620024B9847C046BD4680BD4E
:102FB000E92E000080B500AF002200210420024B62
:102FC0009847C046BD4680BDE92E000080B500AFE1
:102FD0009C239B01002219000720024B9847C04602
:102FE000BD4680BDE92E000080B500AF90239B0157
:102FF000002219000520024B9847C046BD4680BDFF
:10300000E92E000080B500AF80239B01002219004B
:103010000520024B9847C046BD4680BDE92E000002
:1030200080B582B000AFFB1D114AD27C1A70FB1D27
:103030001B78122B02D9FB1D12221A70FB1D1B7864
:10304000802118000B4B984703001A0001235340BE
:10305000DBB2002B07D1FB1D1A78074B11001800BB
:10306000064B984700E0C046BD4602B080BDC04652
:1030700040030020112D000064030020612D00009A
:1030800080B582B000AFFB1D3B4AD27C1A70FB1D9D
:103090001B78242B02D9FB1D24221A70FB1D1B78E0
:1030A00080211800354B984703001A000123534034
:1030B000DBB2002B5BD1304B1B7C1A000323134087
:1030C00003D12D4B5B7C002B04D02D4B98472D4B0F
:1030D00098474DE0284B5B7B18002B4B9847031E0D
:1030E00001D0802200E00022284B5A70224B5B7BEB
:1030F0001800274B984703005A1C244B103311002B
:1031000010221800234B9847BB1D00221A7012E0B2
:10311000BB1D1B781D4AD3181B7C002B1BD0BB1D6D
:103120001B781A4AD3181B7C222B14D0BB1D1A788B
:10313000BB1D01321A70BB1D1B78102BE8D10AE0B1
:10314000BB1D1B78114AD31820221A74BB1D1A7894
:10315000BB1D01321A70BB1D1B78102BF0D1FB1D5B
:103160001A780A4B110018000B4B984700E0C04634
:10317000BD4602B080BDC04640030020112D0000B6
:10318000E92F0000F92D0000491B0000FC00002081
:10319000911B0000E1B50000612D000080B500AF7B
:1031A0000D4B5B7B18000D4B98470300022B08D09A
:1031B000032B03D0002B07D1012309E0084B9847CC
:1031C00005E0084B984702E0074B9847C0460023AC
:1031D0001800BD4680BDC04640030020F519000020
:1031E000992F00007D2F0000B52F000080B500AFA3
:1031F000054B9847031E01D0044B9847044B984752
:10320000C046BD4680BDC0469D310000612F000014
:10321000F92D000080B586B000AF0200FB1D1A70CA
:10322000514B142200211800504B9847FB1D1B786E
:10323000002B0BD01623FB184D4AD27D1A704D4B34
:103240003B611723FB1808221A700AE01623FB18AB
:10325000474AD27C1A70484B3B611723FB18042263
:103260001A70434B5A7C0F23FB183F210A401A70F7
:103270000F23FB181B781C2B04D00F23FB181B7883
:103280003F2B0FD13B691C221A703B690A225A70EE
:103290003B690522DA701723FB181722BA18127837
:1032A0000C321A701623FA181723FB1812781B78A1
:1032B0009A4205D91623FB181722BA1812781A70E9
:1032C0001623FB181B78802118002C4B984703000D
:1032D0001A0001235340DBB2002B41D1244B5B7B0E
:1032E0001800274B9847031E01D0802200E00022DF
:1032F0000E23FB181A70FB1D1B78002B1BD0172305
:10330000FB181B789BB2023B9BB21B0A9BB21AB202
:103310001723FB181B789BB2023B9BB21B021BB20C
:1033200013431BB29AB2104B1A800F4B0E22BA18DD
:103330001278DA700BE01723FB181B78013BDAB226
:10334000094B1A70084B0E22BA1812789A7016237D
:10335000FB181A78044B110018000A4B984700E03C
:10336000C046BD4606B080BD84030020F3B5000012
:10337000400300208C03002088030020112D000052
:10338000011B0000612D000080B582B000AFFB1D65
:10339000084AD27C1A70FB1D1B78002B02D1064B09
:1033A000984701E0054B9847054B9847C046BD46F6
:1033B00002B080BD40030020612F0000E92F000013
:1033C000F92D000080B582B000AF174BDB7C1A00EE
:1033D00001231A40FB1D511E8A411A70124BDB7CDF
:1033E0001A0002231A40BB1D511E8A411A70BB1DD0
:1033F0001B78002B10D00C4B587BFB1D1B785A1EE2
:103400009341DBB201225340DBB21A1C012313406B
:10341000DBB21900054B9847054B9847054B984779
:10342000C046BD4602B080BD40030020811A0000A6
:10343000612F0000F92D000080B500AF8021082029
:103440001C4B984703001A0001235340DBB2002BAA
:103450002DD1194B5B7B194A11001800184B984766
:103460000300022B09D0032B02D0002B0FD009E060
:10347000144B9847144B98471AE0144B9847124B3B
:10348000984715E0124B98470F4B984710E0C046FD
:103490000A4B802292025A60084B1B681ABA074BEB
:1034A0001A60064B082118000A4B984700E0C046F6
:1034B000BD4680BD112D0000400300209803002070
:1034C000351A0000992F0000F92D00007D2F000013
:1034D000B52F0000612D000080B584B000AF020060
:1034E000FB1D1A70FB1D1B7801225340DBB2002B21
:1034F0000BD0234B5B7B1800224B9847031E04D054
:10350000214B9847214B984737E0214B1C4A527C6E
:103510001A70204B1A4A927C1A701F4B184AD27CA0
:103520001A701E4B164A127D1A701D4B144A927D5A
:103530001A701C4B124AD27D1A701A4B1B885B0200
:10354000FB60FB1D1B78002B01D0802300E00023D3
:10355000FA6819001000144B984703001A00012361
:103560005340DBB2002B07D1104BFA1D12781A70B2
:103570000F4B01221A7000E0C046BD4604B080BD6A
:1035800040030020011B0000CD2F0000F92D00009A
:103590007F0300207E0300207D0300207C030020A9
:1035A0008103002080030020112D000078030020FB
:1035B0007703002090B583B000AF284B1B78012221
:1035C0005340DBB2002B01D0002343E0234B002209
:1035D0001A70234B00221A70224B1B78002B0CD040
:1035E000214B587B214B1968214B1B88FC1D1A006D
:1035F000204B9847030023700BE01B4B587B1B4B61
:1036000019681B4B1B88FC1D1A001B4B98470300B5
:103610002370134B1B78DBB2002B04D0104B00221D
:103620001A70012316E0FB1D1B78022B09D0032B17
:1036300004D0002B08D1114B984708E0104B984755
:1036400005E0104B984702E00F4B9847C0460F4BE0
:10365000984701231800BD4603B090BD77030020B2
:10366000FA00002078030020400300207C030020A3
:1036700080030020B91B0000111C0000612F000016
:10368000992F00007D2F0000B52F0000F92D0000BC
:1036900080B582B000AF39601100FB1D021C1A70AA
:1036A000BB1D0A1C1A70FB1D1B785A1E9341DAB20F
:1036B000044B1A70044B01221A70C046BD4602B07A
:1036C00080BDC04608090020F900002090B587B0F1
:1036D00002AFB9607A603B600F23FB18021C1A70BE
:1036E0002F4B1B78DBB201225340DBB2002B01D001
:1036F000002351E02A4B00221A700F23FB181B787D
:10370000002B01D0812000E002203B68002B01D07B
:103710003B6800E0234B7968BA6800930B000021F6
:10372000214CA04703001A0001235340DBB2002BB9
:1037300004D01B4B01221A7000232DE03B68002BA4
:1037400023D1C046164B1B78DBB201225340DBB2BB
:10375000002BF7D1154B1B78DBB2002B01D00023D7
:103760001AE0134B9A687B68D21A114B9A600F4B80
:103770001B78DBB25A1E9341DBB201225340DBB20D
:103780001A1C01231340DBB206E0094B9A687B68E0
:10379000D21A074B9A6001231800BD4605B090BDB0
:1037A000F900002091360000C94E000008090020F1
:1037B000EC00002080B500AF014B1800BD4680BD75
:1037C00040B8000080B500AF024B1B681800BD4632
:1037D00080BDC046B003002080B500AF074B1B681A
:1037E0001A68064B1B681B689978DB781B020B4331
:1037F0009BB2D3181800BD4680BDC046AC03002064
:1038000080B584B000AF78600A00FB1C1A70144BBE
:1038100098470300FB607B681B781A007B689B1845
:103820007B6011E07B685B78042B12D07B685B784F
:10383000FA1C12789A4201D17B680CE07B681B78F5
:103840001A007B689B187B60FA687B689A42E9D80B
:1038500000E0C04600231800BD4604B080BDC0464D
:10386000D937000080B584B000AF0200FB1D1A708C
:10387000BB1D0A1C1A70204B1B78002B01D10023A2
:1038800036E01E4B1B681B681B79FA1D12789A42A2
:1038900001D300232CE0194B1B681A68184B1A60DF
:1038A000184B98470300FB601CE0154B1B685B78C6
:1038B000042B0FD1124B1B689B78FA1D12789A4289
:1038C00008D10F4B1B68DB78BA1D12789A4201D1E0
:1038D00001230DE00A4B1A68094B1B681B78D218AC
:1038E000074B1A60064B1B68FA689A42DDD8002322
:1038F0001800BD4604B080BDA8030020AC03002022
:10390000B0030020D937000080B584B000AF0200BA
:10391000FB1D1A70FB1D1B7800211800214B9847D6
:1039200003001A0001235340DBB2002B01D0002317
:1039300034E01D4B1B685A68FB1D1B789B00D31895
:103940001B68BB60BB68DB68984703001A00FB1D5F
:103950001B7811001800134B984703001A0001232D
:103960005340DBB2002B01D0002317E00F4B1B6844
:10397000FB60FB68052118000D4B98470300FB60B6
:10398000FB68002B05D0FB689B781800094B984713
:10399000EFE7C046BB685B68984701231800BD4647
:1039A00004B080BD65380000AC030020B0030020E7
:1039B00001380000C14A000080B584B000AF0200A9
:1039C000FB1D1A70BB1D0A1C1A70BB1D1A78FB1D4B
:1039D0001B78110018001F4B984703001A000123A1
:1039E0005340DBB2002B01D000232EE01A4B1B68A2
:1039F000FB60FB6805211800184B98470300FB602B
:103A0000FB68002B15D0FB689878FB68D978FB68B9
:103A10001A795B791B0213439BB21A00104B98472B
:103A200003001A0001235340DBB2002BE1D0002336
:103A30000BE0C0460B4B1B685A68FB1D1B789B00B4
:103A4000D3181B681B68984703001800BD4604B0D4
:103A500080BDC04665380000B0030020013800007A
:103A60004D4B0000AC03002080B582B000AF124B7C
:103A70001B78002B15D0FB1D00221A7009E0FB1DDE
:103A80001B7818000D4B9847FB1D1A78FB1D01325F
:103A90001A700B4B1B681B681B79FA1D12789A422F
:103AA000EDD3054B00221A70064B01221A80C04646
:103AB000BD4602B080BDC046A80300200939000001
:103AC000AC030020A003002080B582B000AF174BEC
:103AD0001B78002B25D0FB1D00221A7019E0144B17
:103AE0001B685A68FB1D1B789B00D3181B681B6959
:103AF000002B09D00E4B1B685A68FB1D1B789B00DE
:103B0000D3181B681B699847FB1D1A78FB1D0132EF
:103B10001A70074B1B681B681B79FA1D12789A42B2
:103B2000DDD3C046BD4602B080BDC046A80300201C
:103B3000AC03002080B500AF074BDB88022B01D01F
:103B4000002305E0054B02211800054B984701238F
:103B50001800BD4680BDC046740B0020A0030020A5
:103B6000F951000080B500AF0C4BDB88022B01D06F
:103B700000230FE0094B9B88DBB21800084B9847E5
:103B800003009AB2074B1A80064B02211800064B1D
:103B9000984701231800BD4680BDC046740B002025
:103BA000F54C0000B4030020F951000080B500AFCF
:103BB0000B4BDB88002B01D000230DE0084B5B880A
:103BC000012B08D1074B1B88022293439AB2054B65
:103BD0001A80012300E000231800BD4680BDC046C6
:103BE000740B0020A003002080B500AF0A4BDB88D7
:103BF000002B01D000230CE0074B5B88002B07D182
:103C0000054B9B88DBB21800044B9847030000E08B
:103C100000231800BD4680BD740B0020794D0000C4
:103C200080B500AF084BDB88002B01D0002307E0F4
:103C3000054B5B88012B02D0C046002300E0002327
:103C40001800BD4680BDC046740B002080B500AF93
:103C50000D4BDB88002B01D0002312E00A4B5B8860
:103C6000002B0DD1084B9B88DBB21800074B9847FF
:103C7000054B9B88DBB21800054B9847030000E01A
:103C800000231800BD4680BD740B0020514A00007F
:103C9000214D000080B500AF054B5B88DBB27F2271
:103CA0001340DBB21800034B9847C046BD4680BDA9
:103CB000740B0020B151000080B500AF064BDB88CB
:103CC000002B01D0002303E0034B044A1A610123B7
:103CD0001800BD4680BDC046740B0020953C000016
:103CE00080B584B000AFFB1D00221A70334B5B8897
:103CF0001A00FF231340012B0ED002DC002B05D04D
:103D00001EE0022B0ED0032B12D019E02C4B042105
:103D100018002C4B984715E0FB1D08221A702A4BFF
:103D2000BB600FE0FB1D07221A70284BBB6009E047
:103D3000FB1D02221A70264B98470300BB6001E06E
:103D4000002337E0FB1D1B78002B32D00F23FB181C
:103D500000221A7016E00F23FB181B780F22BA18E6
:103D60001278B9688A18127891B21A4A5B00D3188F
:103D700002330A1C1A800F23FB181A780F23FB1832
:103D800001321A700F23FA18FB1D12781B789A4221
:103D9000E1D3FB1D1B780133DBB2DB18DAB20D4B2C
:103DA0001A700C4B1B789AB20A4B11001800054B85
:103DB000984701231800BD4604B080BD740B002055
:103DC00020010020F95100002401002030010020D2
:103DD000B53700003801002080B582B000AF394B04
:103DE0005A88FB1D1A70374B5B881B0A9BB2DBB2EB
:103DF000022B13D002DC012B05D051E0032B44D061
:103E00000F2B2FD04CE0304B1A682F4B1B681B78C0
:103E10009BB2190010002D4B984744E02A4B1B68B9
:103E20005B7CFA1D12789A4201D3002346E0264BB0
:103E30005A68FB1D1B78DB00D3181868224B5A68A0
:103E4000FB1D1B78DB00D3181B689A78DB781B02FC
:103E500013439BB219001D4B98471A4B9B680222D3
:103E60005A7020E0184B9B68002B01D1002325E0FD
:103E7000154B9868144B9B689A78DB781B021343A8
:103E80009BB21900114B98470DE0114B9847030066
:103E90001A0001235340DBB2002B03D000230DE0B6
:103EA00000230BE0C046074BDA88064B9B899A42F9
:103EB00003D2044BDA88034B9A8101231800BD46D4
:103EC00002B080BD740B002074000020F951000086
:103ED000E13C000080B500AF074BDB88012B01D02F
:103EE000002305E0054B01211800054B98470123ED
:103EF0001800BD4680BDC046740B0020A8030020FA
:103F0000F951000080B582B000AF2A4BDB88002B4E
:103F100001D000234AE0284B9847031E01D100231B
:103F200044E0244B5B881A00FF231A40234B1B6894
:103F30005B7C9A4201DD002338E0214B98471D4B02
:103F40005B88DAB21F4B1A701E4B1B78002B01D115
:103F500001232BE0194B5A681A4B1B781A498C46DF
:103F60006344DB00D218194B1A60FB1D00221A7043
:103F700013E0FB1D1B7800211800154B9847030028
:103F80001A0001235340DBB2002B01D000230DE0C7
:103F9000FB1D1A78FB1D01321A700C4B1B681B6845
:103FA0001B79FA1D12789A42E3D301231800BD460B
:103FB00002B080BD740B0020DD51000074000020B1
:103FC000693A0000A8030020FFFFFF1FAC03002098
:103FD000B939000080B582B000AF214BDB88012BDE
:103FE00001D0002338E01F4B1B78002B01D10023A8
:103FF00032E01B4B9A88FB1D1A701B4B1B681B6819
:104000001B79FA1D12789A4201D3002324E0FB1D8C
:104010001B7800211800154B984703001A00012354
:104020005340DBB2002B01D0002315E00E4B1B6880
:104030005A68FB1D1B789B00D3181B683B603B68CC
:10404000DB68984703001A00094B1A70084B0121DE
:104050001800084B984701231800BD4602B080BDE8
:10406000740B0020A8030020AC030020653800007A
:10407000A4030020F951000080B582B000AF174BB7
:10408000DB88002B01D0002324E0154B1B78002B8C
:1040900001D100231EE0114B9A88FB1D1A700F4BB3
:1040A0005A88BB1D1A70FB1D1B7818000D4B9847D2
:1040B00003001A0001235340DBB2002B01D0002380
:1040C00008E0BB1D1A78FB1D1B7811001800064B79
:1040D000984703001800BD4602B080BD740B002055
:1040E000A803002009390000B939000080B500AFED
:1040F000474B1B785BB2002B40DA454BDB88002B2B
:1041000001D1002381E0424B1B781A001F2313408A
:1041100014D13F4B5B78062B08D0082B0AD0002B1C
:1041200000D00BE03B4B984703006EE03A4B9847BA
:1041300003006AE0394B9847030066E0344B1B7874
:104140001A001F231340012B08D1314B5B780A2B37
:1041500000D003E0324B9847030056E02C4B1B780D
:104160001A001F231340022B4ED1294B5B78002BE2
:1041700000D049E02B4B9847030046E0244B1B78C6
:104180001A001F23134019D1214B5B78092B14D837
:104190009A00254BD3181B689F46244B9847030071
:1041A00033E0234B984703002FE0224B984703004E
:1041B0002BE0214B9847030027E0C046144B1B78A7
:1041C0001A001F231340012B08D1114B5B780B2BD6
:1041D00000D003E0194B9847030016E00C4B1B7806
:1041E0001A001F231340022B0ED1094B5B78012BC1
:1041F00002D0032B04D007E0114B9847030004E0E2
:10420000104B9847030000E000231800BD4680BD16
:10421000740B0020353B0000D93D0000D53E000066
:10422000D53F0000653B000044B80000B93C0000E9
:10423000AD3B0000213C0000053F0000794000003C
:10424000E93B00004D3C000080B582B000AF244B3C
:104250001B78002B01D100233DE0224B9A88FB1DE7
:104260001A70214B1B681B681B79FA1D12789A4241
:1042700001D300232FE0FB1D1B78002118001B4BEE
:10428000984703001A0001235340DBB2002B01D0F2
:10429000002320E0144B1B685A68FB1D1B789B0011
:1042A000D3181B683B603B68DB68984703001A0023
:1042B000FB1D1B78110018000C4B984703001A00D7
:1042C00001235340DBB2002B01D0002303E03B6805
:1042D0009B68984703001800BD4602B080BDC046E9
:1042E000A8030020740B0020AC03002065380000F8
:1042F00080B582B000AF224B1B78002B01D1002388
:1043000039E0204B9A88FB1D1A70FB1D00221A70A1
:1043100028E01D4B1B685A68FB1D1B789B00D318B7
:104320001B683B603B68DB68984703001A00FB1D75
:104330001B7811001800154B984703001A00012341
:104340005340DBB2002B01D0002314E03B689B6894
:104350009847031E01D001230DE0FB1D1A78FB1DB9
:1043600001321A70084B1B681B681B79FA1D127802
:104370009A42CED300231800BD4602B080BDC0468D
:10438000A8030020740B0020AC0300206538000057
:1043900080B500AF1E4B00229A811D4B00221A618E
:1043A0001B4B00225A611A4B1B785BB2002B05DABB
:1043B000174BDB88002B01D1002326E0144B1B7820
:1043C0001A006023134005D1124B9847031E01D0F9
:1043D00001231AE00E4B1B781A001F231340012BF8
:1043E00005D10D4B9847031E01D001230DE0084B6A
:1043F0001B781A001F231340022B05D1074B984747
:10440000031E01D0012300E000231800BD4680BD3B
:10441000740B0020ED40000049420000F142000012
:1044200080B582B000AFEFF310837B607B685A42A7
:104430005341DBB23B6072B6BFF35F8F034B002288
:104440001A703B681800BD4602B080BD4D010020C7
:1044500080B582B000AF78607B685A1E9341DBB2B2
:104460001800BD4602B080BD80B582B000AF786054
:104470007B681800064B9847031E05D0054B0122A8
:104480001A70BFF35F8F62B6C046BD4602B080BDF2
:10449000514400004D01002080B584B000AF0200FF
:1044A000FB1D1A70FB1D1B780C4AD35CFF2B00D13F
:1044B000FEE70B4B98470300FB60FB1D1B78074A88
:1044C000D25C0132D1B2054AD154FB681800054BC9
:1044D0009847C046BD4604B080BDC046EC0C0020E5
:1044E000214400006944000080B584B000AF0200A0
:1044F000FB1D1A70FB1D1B780C4AD35C002B00D1EE
:10450000FEE70B4B98470300FB60FB1D1B78074A37
:10451000D25C013AD1B2054AD154FB681800054B70
:104520009847C046BD4604B080BDC046EC0C002094
:10453000214400006944000080B582B000AF78607B
:104540007B681A687B681B681B899BB201218B43BF
:104550009BB21381C046BD4602B080BD80B582B01B
:1045600000AF78607B681B689B7A5B065B0EDBB2F2
:104570001800BD4602B080BD80B582B000AF786043
:104580000A00FB1C1A707B681B68FA1C12788021D9
:1045900049420A43D2B29A72C046BD4602B080BDBB
:1045A00080B500AF0C4B9B8C9BB21A0020231340AC
:1045B00007D1C046084BDB68D0221340D02BF9D17D
:1045C00006E0C046044BDB6810221340102BF9D1E3
:1045D000C046BD4680BDC0460008004080B584B0DE
:1045E00000AF0200FB1D1A700C23FB18154A12685D
:1045F0001A60154B1B78FA1D12789A421DD0FB1DCC
:104600001B78002B07D0FB1D1B780C22BA18D35C3B
:1046100018000E4B98470C4B1B78002B08D00A4B08
:104620001B781A000C23FB189B5C1800084B98475A
:10463000054BFA1D12781A7000E0C046BD4604B062
:1046400080BDC0466CB800005C04002099440000A6
:10465000E944000080B582B000AF0200FB1D1A7073
:10466000FB1D1B78002B03D0FB1D1B78802B01D179
:10467000002312E0FB1D1B780F2213405B00FA1D84
:10468000127852B2D2B2D209D2B29B189A1E13003B
:104690009B009B189B00034A9B181800BD4602B064
:1046A00080BDC046BC03002090B589B000AF7860E3
:1046B0007B68BB611723FB18BA6992791A701723BC
:1046C000FB181B781800544B984703003B610F23DD
:1046D000FB181722BA1812780F210A401A700C23FF
:1046E000FB183A69128A1A800A23FB18BA695288A1
:1046F0001A803B69DA680A23FB181B88D2183B69C9
:10470000DA603B69DA683B699B689A4254D03B693E
:104710009B6899B23B69DB689AB21E23FB188A1A20
:104720001A801E23FB181B883C4A93420DD90C2388
:10473000FB181A8839483A4B110098470B009AB277
:104740001E23FB1835498A1A1A803B699B7C02227A
:104750001340DBB2002B0ED01E23FA180C23FB18DB
:10476000128819882F4B100098470B009BB2002B22
:1047700001D1012300E00023DBB21A1C0123134006
:10478000DAB23B6901210A4090189A7C02218A43DF
:10479000111C021C0A439A743B695A683B69DB6826
:1047A000D2181E23FB181C880F23FB1819781E48EB
:1047B00023001E4CA0472BE03B699B7C0222134048
:1047C000DBB2002B11D03B699A7C02218A439A7498
:1047D0003B695A683B69DB68D2180F23FB181978CC
:1047E00011480023114CA04712E03B699A7C01213B
:1047F0008A439A743B691B68002B09D03B691C688B
:104800003B69D9681723FB181B781A000020A047C2
:10481000BD4609B090BDC04655460000FF1F0000D0
:10482000E5B2000011B100000C0A0020456E000046
:10483000B0B588B000AF78607B68BB611723FB1808
:10484000BA6992791A701723FB181B781800664B07
:10485000984703003B610F23FB181722BA18127800
:104860000F210A401A700C23FB183A69128A1A8029
:104870000A23FB18BA6912881A803B699B7C0422C0
:104880001340DBB2002B19D03B695A683B69DB68E7
:10489000D4180F23FB181B78013B9A01534BD518F2
:1048A0003B699A680C23FB181988514B10009847F4
:1048B0000B001A00290020004E4B98473B69DA682C
:1048C0000A23FB181B88D2183B69DA603B69DA6857
:1048D0003B699B689A4203D93B699A683B69DA60F5
:1048E000BB699B880A22BA1812889A4265D13B6933
:1048F000DA683B699B689A425FD03B699B6899B2D2
:104900003B69DB689AB21E23FB188A1A1A801E23A1
:10491000FB181B88384A93420ED90C23FB181A88BF
:104920003548364B110098470B009AB21E23FB18EE
:1049300031498A1A1A8011E01E23FA180C23FB1839
:10494000128819882A4B100098470B009AB21E2330
:10495000FB181E21791809888A1A1A801E23FA1852
:104960000C23FB1812881B889A4216D23B699A7C4A
:1049700004210A439A740F23FB181B78013B9A0108
:104980001A4BD2180C23FB181C880F23FB1819781C
:104990001B4823001B4CA04722E03B695A683B6937
:1049A000DB68D2181E23FB181C880F23FB1819780C
:1049B00013482300134CA04712E03B699A7C012165
:1049C0008A439A743B691B68002B09D03B691C68B9
:1049D0003B69D9681723FB181B781A000020A047F1
:1049E000BD4608B0B0BDC046554600000C090020C9
:1049F00011B10000E1B50000FF1F0000E5B20000AA
:104A00000C0A0020F96E000080B584B000AF786019
:104A100039603B68FB600B23FB18FA6892791A70C7
:104A20000B23FB181B785BB2002B04DA3B681800E1
:104A3000054B984703E03B681800044B9847C04675
:104A4000BD4604B080BDC046A94600003148000004
:104A500090B585B000AF0200FB1D1A70FB1D1A78DF
:104A6000144B11001800144B9847FB1D1B781800BD
:104A7000124B98470300FB60FB689B7C01221340AC
:104A8000DBB2002B12D0FB689A7C01218A439A7416
:104A9000FB681B68002B0AD0FB681C68FB68D968A0
:104AA000FB1D1B781A000120A04700E0C046BD4650
:104AB00005B090BD0C0A0020C16B000055460000F7
:104AC00080B584B000AF0200FB1D1A700823FB18EC
:104AD0001800184B98470F23FB18FA1D12780F2166
:104AE0000A401A70FB1D1B781800134B98470823C7
:104AF000FB18FA1D12781A700823FB180022DA70CE
:104B00000823FA180D4B110018000D4B98470F237E
:104B1000FB181978094B002218000A4B9847FB1D17
:104B20001978064B00221800074B9847C046BD462F
:104B300004B080BD2D660000514A00000C0A002020
:104B400055660000756200008964000090B587B06A
:104B500000AF040008001100FB1D221C1A70BB1DD1
:104B6000021C1A703B1D0A1C1A800C23FB1818002B
:104B7000584B98470C23FB18FA1D12781A703B1DEE
:104B80001B88082B04D80C23FB1800225A7045E020
:104B90003B1D1B88102B04D80C23FB1801225A70D4
:104BA0003CE03B1D1B88202B04D80C23FB18022261
:104BB0005A7033E03B1D1B88402B04D80C23FB1894
:104BC00003225A702AE03B1D1B88802B04D80C233B
:104BD000FB1804225A7021E03B1D1A8880235B00D9
:104BE0009A4204D80C23FB1805225A7016E03B1D8C
:104BF0001A8880239B009A4204D80C23FB180622B3
:104C00005A700BE03B1D1B88334A934204D80C2397
:104C1000FB1807225A7001E0002357E0FB1D1B78A8
:104C200018002E4B984703007B617B693A1D128860
:104C30001A82BB1DBA1D127803210A401A70BB1DCF
:104C40001B78012B04D10C23FB180222DA7013E02D
:104C5000BB1D1B78022B04D10C23FB180322DA7036
:104C60000AE0BB1D1B78032B04D10C23FB18042284
:104C7000DA7001E0002329E01323FB18FA1D1278F3
:104C80000F210A401A700C23FA18154B1100180056
:104C9000144B9847031E01D0002317E0124A132338
:104CA000FB1819780E4813000022104CA047FB1D7A
:104CB00019780B4B002218000D4B9847FB1D1978F3
:104CC000074B012218000A4B984701231800BD46E4
:104CD00007B090BD2D660000FF03000055460000A0
:104CE0000C0A002055660000094A0000F56100002A
:104CF000ED62000080B582B000AF0200FB1D1A70AB
:104D0000FB1D1A78044B11001800044B9847030050
:104D10001800BD4602B080BD0C0A0020496C00009E
:104D200080B584B000AF0200FB1D1A700F23FB1882
:104D3000FA1D12780F210A401A700F23FB181B78F6
:104D4000042B01D900230CE0FB1D1A78074B11003E
:104D50001800074B9847FB1D1B781800054B984718
:104D600001231800BD4604B080BDC0460C0A0020D7
:104D7000BD6C0000514A000080B584B000AF020055
:104D8000FB1D1A700F23FB18FA1D12780F210A4021
:104D90001A700F23FB181B78042B01D900231DE088
:104DA000FB1D1B7818000F4B98470300BB60FB1DD1
:104DB0001A780D4B110018000C4B9847BB689B7C70
:104DC00001221340DBB2002B07D0BB689A7C012183
:104DD0008A439A74BB681B68984701231800BD4634
:104DE00004B080BD554600000C0A0020196D00007B
:104DF00080B584B000AF02003960FB1D1A700F232C
:104E0000FB18FA1D12780F210A401A700F23FB18A5
:104E10001B78042B01D9002330E0FB1D1B78180000
:104E2000184B98470300BB60BB689B7C0122134072
:104E3000DBB2002B01D0002320E0FB1D1A78124BBF
:104E400011001800114B9847031E09D0BB689A7CCB
:104E500001210A439A74BB683A681A6001230DE085
:104E6000FB1D1A78084B11001800094B9847031EC8
:104E700003D03B689847012300E000231800BD469B
:104E800004B080BD554600000C0A0020496C0000AB
:104E90004D6B000080B500AF074B05221A70074B21
:104EA00080211800064B9847044B00211800054B41
:104EB0009847C046BD4680BDB60300200C0A0020BE
:104EC000BD6C0000196D000090B589B000AFBA60EC
:104ED0007B600F23FB18021C1A700E23FB180A1CA0
:104EE0001A701D23FB180F22BA1812780F210A40DE
:104EF0001A701D23FB181B78042B07D80F23FB18EF
:104F00001B7818009F4B9847031E01D0002334E103
:104F10000F23FB181B7818009B4B98470300BB61BD
:104F20009A4B984703007B61BB699B7C012213402D
:104F3000DBB2002B05D07B691800954B9847002306
:104F40001BE1BB699A7C01210A439A747B691800B2
:104F50008F4B9847BB69BA685A60BB697A689A6098
:104F6000BB690022DA60BB693A6B1A60BB690E222A
:104F7000BA18127801210A4090189A7C02218A43BB
:104F8000111C021C0A439A74BB699A7C04218A434F
:104F90009A740F23FB181B785BB2002B00DB78E0C0
:104FA000BB699B68002B3FD0BB699A681E23FB1826
:104FB0001A801E23FB181B88764A93420DD9BB69C1
:104FC0001B8A1900734A744B100098470B009AB261
:104FD0001E23FB186F498A1A1A80BB699B7C022228
:104FE0001340DBB2002B0DD0BB69198A1E23FB18BE
:104FF0001A886A4B100098470B009BB2002B01D116
:10500000012300E00023DBB21A1C01231340DAB2B3
:10501000BB6901210A4090189A7C02218A43111C25
:10502000021C0A439A7423E0BB699B7C0222134052
:10503000DBB2002B09D0BB699A7C02218A439A74A7
:105040001E23FB1800221A8012E0BB699A7C012102
:105050008A439A74BB691B68002B07D0BB691B6825
:105060000F22BA181278002100209847012384E00B
:10507000BB695A681E23FB181C881D23FB1819786E
:1050800047482300474CA04703005A425341DBB234
:1050900073E0BB699B68002B5DD0BB699A681E23D7
:1050A000FB181A801E23FB181B883A4A93420ED91C
:1050B000BB691B8A1900374A374B100098470B0011
:1050C0009AB21E23FB1833498A1A1A8010E0BB6972
:1050D000198A1E23FB181A88304B100098470B00C2
:1050E0009AB21E23FB181E21791809888A1A1A8081
:1050F000BB691B8A1E22BA1812889A421AD2BB694F
:105100009A7C04210A439A741D23FB181B78013BE7
:105110009A01254BD218BB691B8A1C001D23FB1862
:1051200019781F482300214CA04703005A425341DD
:10513000DBB222E0BB695A681E23FB181C881D23C2
:10514000FB18197816482300184CA04703005A4250
:105150005341DBB211E0BB699A7C01218A439A7406
:10516000BB691B68002B07D0BB691B680F22BA18EC
:10517000127800210020984701231800BD4609B08D
:1051800090BDC046F54C000055460000214400008B
:1051900069440000FF1F0000E5B2000011B10000EB
:1051A0000C0A0020456E00000C090020F96E00007A
:1051B00080B582B000AF0200FB1D1A70FB1D1A788B
:1051C000044B11001800044B9847C046BD4602B07E
:1051D00080BDC0460C0A00207945000080B500AFB4
:1051E000034B1800034B984703001800BD4680BDD1
:1051F0000C0A00205D45000080B582B000AF7860E9
:105200000A00BB1C1A80054B7A689A60034BBA1CD3
:1052100012889A81C046BD4602B080BD740B002042
:1052200080B500AF174B1A78174B1A70154B5A7888
:10523000154B5A70134BDB789BB21B029AB2114B81
:105240009B789BB2D3189AB20F4B5A800D4B5B7967
:105250009BB21B029AB20B4B1B799BB2D3189AB22A
:10526000094B9A80074BDB799BB21B029AB2054B24
:105270009B799BB2D3189AB2034BDA80C046BD46E5
:1052800080BDC0468C0B0020740B0020B0B500AF71
:10529000094B03221A70094A094B11001800094BE7
:1052A0009847094B9A68064800230021074CA047FD
:1052B000C046BD46B0BDC046B60300208C0B0020E2
:1052C0000C0A0020A96F0000740B0020456E00003E
:1052D00090B583B000AF304B9989304B1A88BB1D15
:1052E0008A1A1A80BB1D1B88002B30D12C4B1A88C0
:1052F0002A4B1B88D3189AB2294B1A80264BDA887E
:10530000274B1B889A4203D0264B1B78002B09D0D1
:10531000254B04221A70254A254B11001800254BF5
:10532000984735E01C4B5B69002B10D01A4B5B692A
:10533000984703001A0001235340DBB2002B06D12B
:10534000164B00221A80BB1D134A92891A80BB1D7E
:105350001B883F2B06D9BB1D40221A80114B00220F
:105360001A7002E00F4B01221A700B4B9B680B4A1C
:1053700012889A18BB1D1B880D4800210E4CA047AF
:10538000064B1A88BB1D1B88D3189AB2034B1A8090
:10539000BD4603B090BDC046740B0020BA03002088
:1053A000B80300205D040020B60300208C0B002011
:1053B0000C0A0020A96F0000456E000090B585B072
:1053C00000AF78607B68BB600E23FB18BA68128858
:1053D0001A80454B9B891A00444B1B8819000E23E9
:1053E000FB181B88CB189A4207DA3F4B99893F4B31
:1053F0001A880E23FB188A1A1A803B4B9B683B4A7B
:10540000128898180E23FB181A88394B1900394B4B
:105410009847364B1A880E23FB181B88D3189AB26C
:10542000324B1A800E23FB181B88402B0AD12E4BBF
:10543000DB881A00304B1B8819002C4B1B88CB18BB
:105440009A421BDC294B1A88274B9A81264B5B69B1
:10545000002B10D0244B5B69984703001A000123EE
:105460005340DBB2002B06D0244B05221A700020DB
:10547000234B984735E0234B984732E01A4B9A89E3
:105480001A4B1B889A4226D1174B5B69002B06D119
:105490001A4B05221A700020194B984721E0124B35
:1054A0005B69984703001A0001235340DBB2002BCD
:1054B00006D0124B05221A700020114B984710E0BD
:1054C0000D4B1A88094B1B88D3189AB20A4B1A80C5
:1054D000064B00221A80064A0B48402300210B4C41
:1054E000A047BD4605B090BD740B0020BA03002054
:1054F0008C0B0020E1B50000B8030020B6030020AB
:10550000214D00008D5200000C0A0020F96E0000B1
:1055100090B585B000AF786039603B68FB60294B7F
:105520001B78002B09D0284B1B69002B02D0264B7F
:105530001B699847234B00221A70FB681B88082BB5
:1055400002D0224B98473AE0214B9847214B98478D
:1055500003001A0001235340DBB2002B02D01B4B87
:1055600098472CE0184B1B785BB2002B11DA1A4BD2
:1055700000221A80194B00221A80124B02221A7044
:10558000174A184840230021174CA047174B98474B
:1055900015E00D4BDB88002B02D1154B98470EE030
:1055A0000D4B00221A800D4B00221A80054B012260
:1055B0001A700B4A0B48402300210B4CA047BD46F4
:1055C00005B090BDB6030020740B0020954E00007E
:1055D0002152000091430000B8030020BA030020CC
:1055E0008C0B00200C0A0020F96E0000D152000044
:1055F0008D52000080B584B000AF78607B68FB609E
:105600000A4B1B78012B02D1094B98470AE0074B44
:105610001B78042B06D1FB689A79064B1100180001
:10562000054B9847C046BD4604B080BDB603002078
:105630008D5200000C0A0020BD6C000080B584B0C3
:1056400000AF78607B68FB600B4B1B78022B03D1AB
:10565000094B04221A700AE0074B1B78032B06D172
:10566000FB689A79054B11001800054B9847C04616
:10567000BD4604B080BDC046B60300200C0A002021
:10568000BD6C000080B584B000AF786039603B68C5
:10569000FB60FB689B795BB2002B04DA3B68180067
:1056A000054B984703E03B681800044B9847C046F9
:1056B000BD4604B080BDC046F55500003D56000013
:1056C00080B582B000AF786039600F4B1B78012B3A
:1056D00004D13B6818000D4B984710E00A4B1B782B
:1056E000022B02D10A4B984709E00A4B1B69002B99
:1056F00002D0084B1B699847034B00221A70C04622
:10570000BD4602B080BDC046B6030020BD530000B8
:10571000D1520000740B002090B585B000AF7860C6
:105720000C23FB1818001F4B98470C23FB1803226F
:105730005A700C23FA187B68110018001A4B98470E
:105740001A4A7B6811001800194B9847194B786862
:1057500002220021184CA047184B78680022002133
:10576000154CA047164B786801220021124CA04727
:105770007B68022200211800124B98477B680022A8
:10578000002118000F4B98477B6801220021180068
:105790000C4B98470C4B00221A70C046BD4605B012
:1057A00090BDC0462D660000556600008C0B0020A1
:1057B000A96F000011550000F5610000C1560000FE
:1057C00085560000ED620000B603002080B582B06F
:1057D00000AF78603960094B04211800084B9847E6
:1057E000064B02211800074B98470120064B9847AB
:1057F000064B9847C046BD4602B080BD0C0A00204B
:10580000A161000045610000DD450000412100006C
:1058100080B582B000AF78603960034B9847C046CE
:10582000BD4602B080BDC046C93A000080B582B016
:1058300000AF78603960074B98477B6800211800FB
:10584000054B98477B681800044B9847C046BD46F7
:1058500002B080BD693A0000794500001957000088
:1058600080B582B000AF786039600A4B98470A4B28
:1058700002211800094B9847074B04211800084BD8
:1058800098470320074B9847074B9847C046BD46AB
:1058900002B080BDA14500000C0A0020A1610000FB
:1058A00045610000DD4500004B21000080B500AFE0
:1058B00003201A4B98471A4B18001A4B98471A4A5C
:1058C000174B04211800194B9847194A144B002113
:1058D0001800164B9847174A114B01211800134B1B
:1058E0009847154A0E4B02211800104B98470C4B55
:1058F00004211800114B9847094B002118000F4B49
:105900009847074B012118000C4B9847044B022184
:1059100018000A4B9847C046BD4680BDDD450000D3
:105920000C0A002039450000CD570000F56000004A
:10593000115800002D58000061580000456100001A
:1059400080B582B000AF114B984703007B603B00ED
:1059500018000F4B98473B0001229A703A000D49FE
:105960000D4B18000D4B98470B4B18000C4B9847EC
:105970000C4B984701200C4B98477B6818000B4B49
:105980009847C046BD4602B080BDC04621440000D5
:10599000D9750000005000410C0A0020017600007B
:1059A00071750000A1450000DD450000694400005C
:1059B00080B582B000AF78607B6800221A70C04664
:1059C000BD4602B080BD000080B582B000AF0200CD
:1059D0003960FB1D1A70FB1D1B78012B0AD0022BAE
:1059E0000FD0002B14D10E4B0D4A91693A680A432F
:1059F0009A610FE00A4B0A4AD1693A680A43DA61B0
:105A000008E0074B064A116A3A680A431A6201E045
:105A1000172300E000231800BD4602B080BDC04639
:105A20000004004080B582B000AF78607B688022BF
:105A30001A707B6800225A707B6801229A707B681A
:105A40000022DA70C046BD4602B080BD80B582B08B
:105A500000AF0200FB1D1A70064BFA1D12781100F0
:105A60001F220A40012191400A001A60C046BD462B
:105A700002B080BD00E100E080B582B000AFA44B71
:105A80001B681B681B8C9BB2002B0AD0A04B1B68A9
:105A90001B681B8C9BB21A009E4B1000984703009A
:105AA00000E020237B607B681F2B00D904E2984B29
:105AB0001B681A687B6808335B01D31807331B78AF
:105AC000DBB23B603B680322134000D188E0012237
:105AD0007B689A401300DB431A008F4B1B681A4007
:105AE0008D4B1A608A4B1B681A687B6808335B0110
:105AF000D318073303221A70854B1A68AE217B68CE
:105B0000D3185B181B781A000123134068D07B68F8
:105B1000DAB2824B1A707E4B1B681B687A680832B7
:105B20005201D35C9B079B0FDBB2012B1ED17C4A39
:105B30007B685B01D3185B689B049B0C9BB21A00CB
:105B4000764B5A80764A7B685B01D3185B681B01F1
:105B50009B0C9BB21A00714B9A80714A7B685B0167
:105B6000D3185A68920B92035A602CE06C4A7B68F7
:105B70005B01D3185B681B019B0C9BB21A00674B3F
:105B80005A80674A7B685B01D3185B689B049B0C57
:105B90009BB21A00614B9A80614A7B685B01D31803
:105BA0005A6860490A405A605C4B5B88002B0AD1F6
:105BB0005B4A7B685B01D3185B689B049B0C9BB2C0
:105BC0001A00564B5A80524B1A687B6802331B01ED
:105BD000D31804331A684E4B1B685049180090477D
:105BE0003B680422134000D1AFE0494B1B681B689F
:105BF0007A6808325201D35C9B065B0FDBB2022B42
:105C000051D1434B1B681B687A6808325201D35C40
:105C10009B079B0FDBB2012B45D1414A7B685B019F
:105C2000D31808339B78DB07DB0FDBB2002B3AD0AD
:105C300001227B689A401300DB431A00364B1B6835
:105C40001A40354B1A60364A7B685B01D3180A3319
:105C500000221A702E4B1B681A687B6808335B01A0
:105C6000D318073304221A70294B1A68AE217B68B7
:105C7000D3185B181B781A000223134065D07B6889
:105C8000DAB2264B1A70254B10225A70204B1A6834
:105C90007B681B01D31828331A681D4B1B681F49EA
:105CA0001800904751E01A4B1B681B687A6808324D
:105CB0005201D35C9B065B0FDBB2032B34D1144B38
:105CC0001B681B687A6808325201D35C9B079B0FE4
:105CD000DBB2012B28D1124A7B685B01D3180A334F
:105CE00000221A700A4B1B681A687B6808335B0134
:105CF000D318073304221A70054B1B681A687B6897
:105D000008335B01D318053310221A701DE0C0461A
:105D1000600400202DB300007804002064040020FB
:105D2000CC0B0020FF3F00F0834A7B685B01D31857
:105D30000A3300221A70814B1B681A687B6808338B
:105D40005B01D318073304221A703B680822134002
:105D50003CD001227B689A401300DB431A00784B49
:105D60001B681A40764B1A60744B1B681A687B6874
:105D700008335B01D318073308221A706F4B1A6877
:105D8000AE217B68D3185B181B781A0002231340DE
:105D90001CD07B68DAB26B4B1A70674A7B685B0178
:105DA000D3180E331B889BB2DBB21F221340DAB22A
:105DB000644B5A70614B1A687B681B01D3182833F7
:105DC0001A685E4B1B685F49180090473B681022B9
:105DD00013403AD001227B689A401300DB431A003B
:105DE000574B1B681A40564B1A60544B1B681A6875
:105DF0007B6808335B01D318073310221A704F4BAE
:105E00001A68AE217B68D3185B181B781A0004232C
:105E100013401AD07B68DAB24A4B1A70464A7B6844
:105E20005B01D3185B681B019B0C9BB21A00454BAE
:105E30005A80424B1A687B681B01D3182C331A68AE
:105E40003E4B1B680021180090473B6820221340FE
:105E500000D146E101227B689A401300DB431A001F
:105E6000374B1B681A40364B1A60344B1B681A6854
:105E70007B6808335B01D318073320221A702F4B3D
:105E80001A68AE217B68D3185B181B781A000823A8
:105E9000134000D125E17B68DAB22A4B1A70274BF8
:105EA0001A687B681B01D31830331A68234B1B68B0
:105EB00024491800904714E1204B1B681B689B8BFA
:105EC0009BB23B603B680422134053D01B4B1B68C2
:105ED0001B6804229A8301237B6039E001227B68DE
:105EE0009A4013001A00164B1B68134022D0134B24
:105EF0001B681B687A6808325201D35C9B065B0FF3
:105F0000DBB2032B20D10D4B1B681B687A6808326B
:105F10005201D35C9B079B0FDBB2012B14D1074BC3
:105F20001B681A687B6808335B01D318043310229E
:105F30001A700AE0C04608E0CC0B00206004002084
:105F40007804002064040020C0467B6801337B6035
:105F50007B68072BC2D9654B1B68A5229B5C1A0086
:105F60000123134006D0614B1B685A685F4B1B68C6
:105F7000180090473B680822134016D05C4B002263
:105F80001A605A4B1B681B6808229A83574B1B6880
:105F9000A5229B5C1A000223134006D0534B1B68BA
:105FA0009A68524B1B68180090473B684022134088
:105FB00013D04E4B1B681B6840229A834B4B1B68C7
:105FC000A5229B5C1A001023134006D0474B1B6888
:105FD0005A69464B1B68180090473B6820221340C3
:105FE00013D0424B1B681B6820229A833F4B1B68CF
:105FF000A5229B5C1A000823134006D03B4B1B686C
:106000001A693A4B1B68180090473B6810221340EE
:1060100013D0364B1B681B6810229A83334B1B68C6
:10602000A5229B5C1A000423134006D02F4B1B684B
:10603000DA682E4B1B68180090473B68802213409B
:1060400016D02B4B00221A60284B1B681B6880223D
:106050009A83264B1B68A5229B5C1A0020231340C1
:1060600006D0224B1B689A69204B1B68180090478A
:106070003A6880235B00134017D01D4B00221A6042
:106080001A4B1B681B68802252009A83174B1B68AF
:10609000A5229B5C1A004023134006D0134B1B68BB
:1060A000DA69124B1B68180090473A6880239B00FE
:1060B000134016D00E4B00221A600C4B1B681B6855
:1060C000802292009A83094B1B68A5229B5C5BB2DD
:1060D000002B06DA054B1B681A6A044B1B68180074
:1060E0009047C046BD4602B080BDC0466004002057
:1060F0007804002080B584B000AFF8607A600B238C
:10610000FB180A1C1A700B23FB181A78FB682E3236
:1061100092007968D150FA68AA235B00D25A0B2307
:10612000FB181978064B4900CB5A134399B2FA6809
:10613000AA235B00D15200231800BD4604B080BDE5
:1061400070B8000080B582B000AF78600A00FB1C18
:106150001A707B681B68FA1C1178104A49008A5A29
:106160009A837A68AB235B00D25AFB1C19780B4BDD
:106170004900CB5A134399B27A68AB235B00D152E2
:106180007B681B68FA1C1178044A49008A5A1A83F2
:1061900000231800BD4602B080BDC04670B80000A4
:1061A00080B582B000AF78600A00FB1C1A707A6874
:1061B000AB235B00D35A1BB2FA1C11780C4A49007E
:1061C0008A5A12B2D24312B213401BB299B27A6801
:1061D000AB235B00D1527B681B68FA1C1178044A20
:1061E00049008A5A9A8200231800BD4602B080BD39
:1061F00070B8000080B584B000AFF86008001100EE
:106200007B600B23FB18021C1A700A23FB180A1C64
:106210001A700B23FB1819780A23FB181B78FA68ED
:106220008900CB1834339B00D31804337A681A6082
:106230000B23FB181A780B23FB181978F868AC238A
:106240005B004118CB1819780A23FB181B78084803
:10625000C35C0B43D8B2F968AC235B008A18D3182F
:10626000021C1A7000231800BD4604B080BDC04651
:1062700080B8000080B582B000AF786008001100DF
:10628000FB1C021C1A70BB1C0A1C1A70FB1C197820
:10629000BB1C1B787A688900CB1834339B00D31859
:1062A000043300221A60FB1C1A78FB1C19787868EA
:1062B000AC235B004118CB181B785BB2B91C097882
:1062C0000948415C49B2C94349B20B405BB2D8B2FC
:1062D0007968AC235B008A18D318021C1A7000235B
:1062E0001800BD4602B080BD80B8000080B584B003
:1062F00000AF786008001100FB1C021C1A70BB1C68
:106300000A1C1A700F23FB18FA1C12780F210A407E
:106310001A700F23FB181A780F23FB181978786866
:10632000B0235B004118CB181978BB1C1B7855486B
:10633000C35C0B43D8B27968B0235B008A18D318CA
:10634000021C1A70BB1C1B78002B2FD10F23FB18CB
:106350001B78002B0CD17B6819680F23FB181A7867
:106360000A23FF3352018A18D31803221A701DE042
:10637000FB1C1B785BB2002B0CDA7B6819680F23BF
:10638000FB181A780A23FF3352018A18D318022205
:106390001A700BE07B6819680F23FB181A780A2320
:1063A000FF3352018A18D31801221A70BB1C1B78C4
:1063B000012B2FD10F23FB181B78002B0CD17B68EE
:1063C00019680F23FB181A780A23FF3352018A1821
:1063D000D3180C221A701DE0FB1C1B785BB2002B3B
:1063E0000CDA7B6819680F23FB181A780A23FF332D
:1063F00052018A18D31808221A700BE07B681968BA
:106400000F23FB181A780A23FF3352018A18D31876
:1064100004221A70BB1C1B78022B0BD17B681968F5
:106420000F23FB181A780A23FF3352018A18D31856
:1064300010221A70BB1C1B78032B1DD1FB1C1B7870
:106440005BB2002B0CDA7B6819680F23FB181A78F3
:106450000A23FF3352018A18D31840221A700BE026
:106460007B6819680F23FB181A780A23FF3352013F
:106470008A18D31820221A7000231800BD4604B0D1
:1064800080BDC04680B8000080B584B000AF7860A1
:1064900008001100FB1C021C1A70BB1C0A1C1A709D
:1064A0000F23FB18FA1C12780F210A401A700F23D1
:1064B000FB181A780F23FB1819787868B0235B0053
:1064C0004118CB181B785BB2B91C09785648415C5F
:1064D00049B2C94349B20B405BB2D8B27968B02324
:1064E0005B008A18D318021C1A70BB1C1B78002B87
:1064F0002FD10F23FB181B78002B0CD17B68196858
:106500000F23FB181A7884235B0052018A18D318D2
:1065100003221A701DE0FB1C1B785BB2002B0CDA07
:106520007B6819680F23FB181A7884235B005201DB
:106530008A18D31802221A700BE07B6819680F239F
:10654000FB181A7884235B0052018A18D3180122A1
:106550001A70BB1C1B78012B2FD10F23FB181B7843
:10656000002B0CD17B6819680F23FB181A78842341
:106570005B0052018A18D3180C221A701DE0FB1C14
:106580001B785BB2002B0CDA7B6819680F23FB18B1
:106590001A7884235B0052018A18D31808221A70D3
:1065A0000BE07B6819680F23FB181A7884235B00C3
:1065B00052018A18D31804221A70BB1C1B78022BB4
:1065C0000BD17B6819680F23FB181A7884235B00B2
:1065D00052018A18D31810221A70BB1C1B78032B87
:1065E0001DD1FB1C1B785BB2002B0CDA7B68196891
:1065F0000F23FB181A7884235B0052018A18D318E2
:1066000040221A700BE07B6819680F23FB181A7878
:1066100084235B0052018A18D31820221A700023A9
:106620001800BD4604B080BD80B8000080B582B0BF
:1066300000AF78607B6800221A707B6800225A7075
:106640007B6800229A707B680122DA70C046BD46E2
:1066500002B080BD90B585B000AF786039603B680E
:106660001A780F23FB180F210A401A703B681B7819
:106670005BB2DBB2DB09DAB20E23FB181A703B689F
:10668000DB78042B00D900E29A00E44BD3181B6896
:106690009F467B681B680F22BA1812780832520195
:1066A0000021D154002349E27B681B680F22BA18ED
:1066B000127808325201D35CDBB21A000723134070
:1066C00030D17B681B680F22BA1812780832520149
:1066D000D35CDBB21A007023134023D17B681B68A4
:1066E0000F22BA181278083252011121D1547B6856
:1066F0001A680F23FB181B7808335B01D318053386
:1067000040221A707B681A680F23FB181B78083325
:106710005B01D318043380221A703B689B78002BEE
:1067200002D128E01C2309E20F23FB1818780F235D
:10673000FB181B78BA4A5B01D31804331B6880220C
:1067400012061A43B6494301CB1804331A600F23CB
:10675000FB1818780F23FB181B78B14A5B01D3187C
:1067600014331B68802212061A43AD494301CB182B
:1067700014331A6023E00F23FB1818780F23FB183B
:106780001B78A74A5B01D31804331B685B005A08C7
:10679000A3494301CB1804331A600F23FB18187860
:1067A0000F23FB181B789E4A5B01D31814331B6818
:1067B0005B005A089A494301CB1814331A600F231F
:1067C000FB181B783A685278111C07220A40D1B294
:1067D000934A5B01D3185A68072001400907914882
:1067E00002400A435A600F23FB181B783A6852781C
:1067F000111C07220A40D1B2894A5B01D318103319
:106800005A68072001400907864802400A435A6037
:10681000002393E10E23FB181B78002B30D07B68FC
:106820001B680F22BA18127808325201D35CDBB20F
:106830001A007023134021D17B681A680F23FB18BC
:1068400019787B681B680F203818007808304001E1
:10685000C35CDBB220200343D8B20B0008335B01DA
:10686000011C99547B681A680F23FB181B780833A6
:106870005B01D318043380221A7007E11C235DE109
:106880007B681B680F22BA18127808325201D35C59
:10689000DBB21A000723134021D17B681A680F234B
:1068A000FB1819787B681B680F20381800780830AF
:1068B0004001C35CDBB202200343D8B20B000833B3
:1068C0005B01011C99547B681A680F23FB181B7825
:1068D00008335B01D318053340221A70D6E01C231D
:1068E0002CE10E23FB181B78002B30D07B681B6833
:1068F0000F22BA18127808325201D35CDBB21A00A8
:106900007023134021D17B681A680F23FB18197874
:106910007B681B680F203818007808304001C35C82
:10692000DBB230200343D8B20B0008335B01011CFB
:1069300099547B681A680F23FB181B7808335B0196
:10694000D318043380221A70A0E01C23F6E07B6881
:106950001B680F22BA18127808325201D35CDBB2DE
:106960001A000723134021D17B681A680F23FB18F4
:1069700019787B681B680F203818007808304001B0
:10698000C35CDBB203200343D8B20B0008335B01C6
:10699000011C99547B681A680F23FB181B78083375
:1069A0005B01D318053340221A706FE01C23C5E049
:1069B0000E23FB181B78002B36D07B681B680F2238
:1069C000BA18127808325201D35CDBB21A00702375
:1069D000134021D17B681A680F23FB1819787B6854
:1069E0001B680F203818007808304001C35CDBB208
:1069F00040200343D8B20B0008335B01011C9954BB
:106A00007B681A680F23FB181B7808335B01D318C7
:106A1000043380221A7039E01C238FE084B8000010
:106A2000CC0B0020FFFFFF8F7B681B680F22BA187A
:106A3000127808325201D35CDBB21A0007231340EC
:106A400021D17B681A680F23FB1819787B681B68B3
:106A50000F203818007808304001C35CDBB20420F6
:106A60000343D8B20B0008335B01011C99547B68C7
:106A70001A680F23FB181B7808335B01D318053302
:106A800040221A7002E01C2358E0C0460F23FB1876
:106A900018780E23FB181B783A685278111C0722CD
:106AA0000A40D1B2274A4000C3181B01D3185A68C4
:106AB000072001400907244802400A435A603B6806
:106AC0009B78002B1DD00F23FB181C780E23FB187E
:106AD00018780F23FB1819780E23FB181B78194A16
:106AE0004900CB181B01D31804331B6880221206FF
:106AF0001A43144963001B181B01CB1804331A6096
:106B00001BE00F23FB181C780E23FB1818780F23AB
:106B1000FB1819780E23FB181B780A4A4900CB187A
:106B20001B01D31804331B685B005A080549630036
:106B30001B181B01CB1804331A6000231800BD4634
:106B400005B090BDCC0B0020FFFFFF8F80B584B057
:106B500000AF78600A00FB1C1A700E23FB18FA1CA9
:106B600012780F210A401A70FB1C1B785BB2002BB5
:106B70000EDA7B681B680E22BA18127808325201AE
:106B8000D35C5B065B0FDAB20F23FB181A700DE0C3
:106B90007B681B680E22BA18127808325201D35C47
:106BA0005B075B0FDAB20F23FB181A700F23FB1879
:106BB0001B785A1E9341DBB21800BD4604B080BD5D
:106BC00080B584B000AF78600A00FB1C1A700F23F8
:106BD000FB18FA1C12780F210A401A70FB1C1B7854
:106BE0005BB2002B16DA7B681A680F23FB181B7840
:106BF00008335B01D318043380221A707B681A684B
:106C00000F23FB181B7808335B01D31807330222CC
:106C10001A7015E07B681A680F23FB181B7808337D
:106C20005B01D318053340221A707B681A680F2362
:106C3000FB181B7808335B01D318073301221A7045
:106C4000C046BD4604B080BD80B584B000AF78605A
:106C50000A00FB1C1A700F23FB18FA1C12780F2174
:106C60000A401A70FB1C1B785BB2002B11DA7B68A0
:106C70001A680F23FB181B7808335B01D3180633FF
:106C80001B78DBB21A00202313405A1E9341DBB25B
:106C900010E07B681A680F23FB181B7808335B0130
:106CA000D31806331B78DBB21A00102313405A1E88
:106CB0009341DBB21800BD4604B080BD80B584B0FE
:106CC00000AF78600A00FB1C1A700F23FB18FA1C37
:106CD00012780F210A401A70FB1C1B785BB2002B44
:106CE0000BDA7B681A680F23FB181B7808335B01EB
:106CF000D318053320221A700AE07B681A680F2324
:106D0000FB181B7808335B01D318053310221A7067
:106D1000C046BD4604B080BD80B584B000AF786089
:106D20000A00FB1C1A700F23FB18FA1C12780F21A3
:106D30000A401A70FB1C1B785BB2002B3FDA7B68A1
:106D40001A680F23FB181B7808335B01D31806332E
:106D50001B78DBB21A00202313406FD07B681A68BF
:106D60000F23FB181B7808335B01D3180433202250
:106D70001A707B681A680F23FB181B7808335B01B5
:106D8000D31807331B78DBB21A004023134055D0C9
:106D90007B681A680F23FB181B7808335B01D31834
:106DA000073340221A707B681A680F23FB181B7880
:106DB00008335B01D318043302221A703EE07B686B
:106DC0001A680F23FB181B7808335B01D3180633AE
:106DD0001B78DBB21A00102313402FD07B681A688F
:106DE0000F23FB181B7808335B01D31804331022E0
:106DF0001A707B681A680F23FB181B7808335B0135
:106E0000D31807331B78DBB21A002023134015D0A8
:106E10007B681A680F23FB181B7808335B01D318B3
:106E2000073320221A707B681A680F23FB181B781F
:106E300008335B01D318043301221A70C046BD46E3
:106E400004B080BD80B586B000AFF8607A603B606A
:106E50000B23FB180A1C1A70FB681B680B22BA185C
:106E6000127808325201D35C5B065B0FDAB217234B
:106E7000FB181A701723FB181B78002B01D11C2359
:106E800032E00B23FB181B787A6819495B01CB1899
:106E900010331A600B23FB181B78154A5B01D318BB
:106EA00010335A6813490A405A600B23FB181B78A9
:106EB0003A6892B29204920C91B20D4A5B01D318D7
:106EC00010335A688904890C920B92030A435A6062
:106ED000FB681A680B23FB181B7808335B01D31877
:106EE000053380221A7000231800BD4606B080BD0D
:106EF000CC0B0020FF3F00F080B586B000AFF860FB
:106F00007A603B600B23FB180A1C1A70FB681B6835
:106F10000B22BA18127808325201D35C5B075B0F60
:106F2000DAB21723FB181A701723FB181B78002BF3
:106F300001D11C232FE00B23FB181A787968184B1A
:106F40005201D1500B23FB181B783A6892B292047D
:106F5000920C91B2124A5B01D3185A688904890CC9
:106F60008903104802400A435A600B23FB181B7820
:106F70000B4A5B01D3185A68920B92035A60FB6864
:106F80001A680B23FB181B7808335B01D3180433F2
:106F900040221A7000231800BD4606B080BDC046CE
:106FA000CC0B0020FF3F00F080B582B000AF7860CE
:106FB00039603A680C4B1A600B4B5A680B490A400F
:106FC000802189020A435A60074B5A68920B920348
:106FD0005A607B681A6882235B004021D1540023E9
:106FE0001800BD4602B080BDCC0B0020FF3F00F072
:106FF00080B584B000AFBD4B1B681A680823FB182E
:10700000128C1A800823FB181B88002B55D1B74B14
:107010001B681A68BB1D928B1A80B44B1A68AB238D
:107020005B00D35ABA1D128813409AB2AF4B19684D
:10703000AA235B00C95A3B1D0A401A800023FB604B
:1070400037E0AB4BFA685200D35ABA1D128813408E
:107050009BB2002B07D0A54B1B681B68A44AF9689C
:1070600049008A5A9A83A24BFA685200D35A3A1DB1
:10707000128813409BB2002B18D0FB68062B0AD154
:107080009C4B1B895B045B0D9BB21A0080235B0049
:107090001A40994B1A60954B1B68FA682E32920081
:1070A000D258924B1B68944918009047FB680133F3
:1070B000FB60FB68062BC4DD50E20B23FB180022AB
:1070C0001A703BE20823FB181A880B23FB181B7865
:1070D0001A4113000122134000D128E2834B1B68A0
:1070E0001A680B23FB181B7808335B01D31807338E
:1070F0001B78DAB2BB1D1A807C4B19680B23FB1876
:107100001A78B0235B008A18D3181B789BB2BA1D7B
:10711000128813409BB21AB2744B18680B23FB18E9
:107120001978AC235B004118CB181B781BB21340B5
:107130001AB23B1D1A80BB1D1B88602213405CD015
:107140006A4B1B681A680B23FB181B7808335B011A
:10715000D31807331B78DBB21A004023134015D035
:10716000624B1B681A680B23FB181B7808335B0102
:10717000D318073340221A700B23FB181B78802288
:1071800052421343DAB25D4B9A7120E0574B1B68B1
:107190001A680B23FB181B7808335B01D3180733DD
:1071A0001B78DBB21A002023134010D04F4B1B6812
:1071B0001A680B23FB181B7808335B01D3180733BD
:1071C00020221A704D4B0B22BA1812789A713B1D6F
:1071D0001B886022134000D1B7E1444B1A680B238F
:1071E000FB181B78E0211B01D3185B181A683F4B72
:1071F0001B68424918009047A7E1BB1D1B8810225D
:10720000134038D0394B1B681A680B23FB181B78C6
:1072100008335B01D318073310221A70334B1968F7
:107220000B23FB181A78B0235B008A18D3181B783D
:1072300010221340DBB2002B00D188E10B23FB1896
:107240001B782C4A5B01D3185B689B049B0C9BB298
:107250001A002A4B1A80254B1A680B23FB181B783F
:10726000DC211B01D3185B181A68204B1B682349CB
:10727000180090476BE1BB1D1B880322134000D10F
:107280008FE01A4B1B681A680B23FB181B78083316
:107290005B01D31807331B78DBB21A0002231340BB
:1072A0002ED0124B1B681A680B23FB181B7808336F
:1072B0005B01D318073302221A700B23FB181B78CB
:1072C000802252421343DAB20C4B9A710B23FB1803
:1072D0001B78084A5B01D31810335B689B049B0C36
:1072E0009BB21A00054B5A8045E0C046600400205E
:1072F00070B80000CC0B00206C040020700400204B
:10730000984B1B681A680B23FB181B7808335B012A
:10731000D31807331B78DBB21A00012313402AD09D
:10732000904B1B681A680B23FB181B7808335B0112
:10733000D318073301221A708B4B0B22BA1812781C
:107340009A710B23FB181B78884A5B01D3185B6882
:107350009B049B0C9BB21A00834B1A800B23FB18D7
:107360001B78824A5B01D3185B681B019B0C9BB2A4
:107370001A007D4B9A803B1D1B880322134000D1CD
:10738000E7E0784B1A680B23FB181B780D331B01C1
:10739000D31804331A68734B1B687349180090475D
:1073A000D7E0BB1D1B880C22134000D1BFE06D4B02
:1073B0001B681A680B23FB181B7808335B01D31872
:1073C00007331B78DBB21A000823134047D0654B04
:1073D0001B681A680B23FB181B7808335B01D31852
:1073E000073308221A700B23FB181B785F4A5B01D6
:1073F000D3181A331B78DBB21A000223134014D0BF
:107400000B23FB181B780B22BA181278574952012C
:107410008A181A321278D2B202218A43D1B2534A60
:107420005B01D3181A330A1C1A700B23FB181B7844
:10743000802252421343DAB24B4B9A71494B1B687C
:107440001A680B23FB181B7808335B01D31807332A
:107450001B78DBB21A000223134053D07EE0414B6D
:107460001B681A680B23FB181B7808335B01D318C1
:1074700007331B78DBB21A000423134042D0394B88
:107480001B681A680B23FB181B7808335B01D318A1
:10749000073304221A700B23FB181B78334A5B0155
:1074A000D3180A331B78DBB21A000223134014D01E
:1074B0000B23FB181B780B22BA1812782B495201A8
:1074C0008A180A321278D2B202218A43D1B2274AEC
:1074D0005B01D3180A330A1C1A70234B0B22BA180B
:1074E00012789A711F4B1B681A680B23FB181B78C4
:1074F00008335B01D31807331B78DBB21A00012372
:10750000134028D13B1D1B880C22134025D0154B5E
:107510001A680B23FB181B78D8211B01D3185B18A2
:107520001A68104B1B6810491800904715E00B2390
:10753000FB181A780B23FB1801321A700B23FB1867
:107540001B78072B00D8BDE508E0C04606E0C04622
:1075500004E0C04602E0C04600E0C046BD4604B0BC
:1075600080BDC0466004002070040020CC0B0020C9
:1075700080B582B000AF78607B681A687B681B6852
:107580001B78DBB202210B43DBB21370C0467B6871
:107590001B689B78DBB2022BF9D0C046BD4602B017
:1075A00080BD000080B500AF084B1B681B681B78CE
:1075B0001B06DB0FDBB2002B02D0054B984701E026
:1075C000044B9847C046BD4680BDC04660040020BD
:1075D000795A0000F16F000080B582B000AF78608A
:1075E0007B6800221A707B6801225A707B68002237
:1075F0009A707B680122DA70C046BD4602B080BD39
:1076000080B58CB000AFF860B9607A60C44B0022DE
:107610001A60C44BFA681A60FB68BA681A602021C5
:107620000120C14B98471823FB181800BF4B9847FF
:107630001823FB1806221A701823FB1819001820AB
:10764000BB4B98471823FB1806221A701823FB1807
:1076500019001920B64B98471423FB181800B54B96
:1076600098477B689A781423FB181A701423FB1828
:1076700019000620B04B98470620B04B9847BA68CF
:10768000137801210B431370C046BB689B78DB075E
:10769000DB0FDBB2002BF8D1A94AD37803218B434F
:1076A000191C02230B43D370A54AD3780C218B43BA
:1076B000191C08230B43D370A24B1B685B0B1F22C2
:1076C00013407B627B6A1F2B01D105237B627B6A9F
:1076D000DBB21A1C1F231340D9B2BA68138D081CE1
:1076E0001F210140880198490B40191C031C0B43C2
:1076F0001385944B1B689B0C1F2213403B623B6A13
:107700001F2B01D11D233B623B6ADBB21A1C1F23D6
:107710001340D9B2BA68138D081C1F2108401F21DD
:107720008B43191C031C0B431385864B1B68DB0D15
:1077300007221340FB61FB69072B01D10323FB6187
:10774000FB69DBB21A1C07231340D9B2BA68138D48
:10775000081C0721014008037C490B40191C031C2D
:107760000B4313857B681978BA681378C8017F21A9
:107770000B40191C031C0B4313707B685978BA68C3
:10778000137801200140880004218B43191C031C3D
:107790000B4313706E4ABB685A627B68DB78012B1F
:1077A00006D1FB681A6813890C218B4313810CE006
:1077B0007B68DB78002B08D1FB681A6813890C21E1
:1077C0008B43191C04230B43138180235A00604B05
:1077D000002118005F4B98470023FB6209E0FA681C
:1077E000FB6A9B00D318043300221A60FB6A013342
:1077F000FB62FB6A072BF2D90023FB6216E0002331
:10780000BB620DE0FA68FB6A9900BB6ACB180833CB
:107810009B00D318043300221A60BB6A0133BB6299
:10782000BB6A032BEED9FB6A0133FB62FB6A072BB1
:10783000E5D9FB68A42200219954FB68A522002108
:1078400099540023FB6210E0FA68A621FB6AD31862
:107850005B1800221A70FA68AE21FB6AD3185B1815
:1078600000221A70FB6A0133FB62FB6A072BEBD91B
:107870000023FB6208E0FB68FA6A2E3292000021C6
:10788000D150FB6A0133FB62FB6A062BF3D900235C
:10789000FB6216E00023BB620DE0FA68FB6A990008
:1078A000BB6ACB1834339B00D318043300221A6010
:1078B000BB6A0133BB62BB6A032BEED9FB6A01339F
:1078C000FB62FB6A072BE5D9FA68AA235B0000215B
:1078D000D152FA68AB235B000021D1520023BB6276
:1078E00012E0F968AC235B00BA6A8A18D318002248
:1078F0001A70F968B0235B00BA6A8A18D31800229C
:107900001A70BB6A0133BB62BB6A072BE9D9072037
:10791000114B984700231800BD460CB080BDC046EF
:107920007804002060040020C9590000255A000096
:1079300059AB0000B15900006DA80000B1A80000CB
:1079400000500041246080003FF8FFFFFF8FFFFFE1
:10795000CC0B0020F3B500004D5A000080B586B076
:1079600000AF7860284B7A689200D3587B617B69BE
:107970001B683B610E23FB187A69528A1A807B6967
:107980001B8A9AB20E23FB180E21791809880A4027
:107990001A803B691B7ADAB20C23FB181A803B6908
:1079A000DB79DBB29AB20C23FB180C217918098819
:1079B0000A401A800C23FB181B88802213400CD02D
:1079C0000E23FB181B880222134002D07B69DB6860
:1079D00098473B6980221A7211E00C23FB181B8820
:1079E000012213400BD00E23FB181B8801221340E9
:1079F00002D07B699B6898473B6901221A72C04696
:107A0000BD4606B080BDC046CC0C002080B500AF9E
:107A10000020024B9847C046BD4680BD5D790000FE
:107A200080B582B000AF78607B6800221A70C046D3
:107A3000BD4602B080BD80B586B000AFF860B960C9
:107A40007A601623FB1800221A80BB683B61BB6872
:107A50005A08FB689A4201D2402326E0BB685B08C3
:107A60003B610AE03A69FB68D31A3B611623FB18B5
:107A70001A881623FB1801321A803A69FB689A4269
:107A8000F0D21623FB181622BA181288013A1A806F
:107A90001623FB181B88FF2B01D9402305E07B68C8
:107AA0001622BA1812881A8000231800BD4606B0A4
:107AB00080BD000080B584B000AF0200FB1D1A70CD
:107AC000BB1D0A1C1A701A4B1B7801225340DBB2F3
:107AD000002B03D1BB1D1B78002B1BD00C23FB18E4
:107AE0001800144B98470C23FB18FA1D12781A70D3
:107AF0000C23FB18190013200F4B984713200F4B32
:107B000098470B4BFA1D12785A70094B01221A70D4
:107B1000002308E0064B5B78FA1D12789A4201D1E7
:107B2000002300E01D231800BD4604B080BDC04600
:107B30007C040020217A00006DA80000B1A800009C
:107B400080B582B000AF78600A00FB1C1A707B68B9
:107B50004D4A93423FD04C4A934206D84B4A9342F7
:107B60000FD04B4A934221D089E04A4A934200D138
:107B70005BE0494A934200D16CE0484A93423FD0CF
:107B80007DE0FB1C1B78012B0AD002DC002B05D00A
:107B900075E0022B06D0032B06D070E0404B6FE05F
:107BA000404B6DE0404B6BE0404B69E0FB1C1B78A9
:107BB000012B0AD002DC002B05D060E0022B06D09E
:107BC000032B06D05BE003235AE0394B58E0394BD6
:107BD00056E0394B54E0FB1C1B78012B0AD002DC29
:107BE000002B05D04BE0022B06D0032B06D046E03D
:107BF000324B45E0324B43E0324B41E0324B3FE009
:107C0000FB1C1B78012B0AD002DC002B05D036E0D0
:107C1000022B06D0032B06D031E02C4B30E02C4B4E
:107C20002EE02C4B2CE02C4B2AE0FB1C1B78012B6C
:107C30000AD002DC002B05D021E0022B06D0032B5A
:107C400006D01CE0254B1BE0254B19E0254B17E027
:107C5000254B15E0FB1C1B78012B0AD002DC002B06
:107C600005D00CE0022B06D0032B06D007E01F4BFB
:107C700006E01F4B04E01F4B02E01F4B00E0002317
:107C80001800BD4602B080BD00100042000800424E
:107C9000000C004200180042001C00420014004288
:107CA00003000400030005000300060003000700B2
:107CB0000300010003001E0003001F000300080072
:107CC0000300090003000A0003000B00030010007A
:107CD00003001100030012000300130003000C0056
:107CE00003000D0003000E0003000F000300160048
:107CF00003001700030018000300190090B58BB0B3
:107D000000AF78600C23FB180F4A13CA13C313CAC1
:107D100013C300237B620EE00C23FB187A6A9200E7
:107D2000D3581A007B689A4202D17B6ADBB206E024
:107D30007B6A01337B627B6A052BEDD90023180037
:107D4000BD460BB090BDC04698B8000080B582B06B
:107D500000AF78607B6880221A707B6800225A70BE
:107D60007B6801229A707B680022DA70C046BD46AB
:107D700002B080BD80B584B000AF0200FB1D1A7058
:107D80000F23FB18FA1D1278D2091A700E23FB1864
:107D9000FA1D127852091A700D4BBB600F23FB18A5
:107DA0001B78002B0FD10F23FB181B789B00102290
:107DB0009446BC446344083B1A680E23FB181B78A6
:107DC000DB01D31800E000231800BD4604B080BDDD
:107DD0000044004180B582B000AF0200FB1D1A7064
:107DE000FB1D1B781800034B984703001800BD4685
:107DF00002B080BD757D000080B584B000AF020088
:107E0000FB1D1A70BB1D0A1C1A70FB1D1B78180085
:107E10000D4B98470300FB60FB1D1B781F2213408E
:107E200001229A401300BB60BB1D1B78002B03D0BE
:107E3000FB68BA689A6102E0FB68BA685A61C0469A
:107E4000BD4604B080BDC046D57D000080B582B07F
:107E500000AF78607B6800221A70C046BD4602B051
:107E600080BD000080B582B000AF02003960FB1D0C
:107E70001A70FB1D1B78012B0AD0022B0FD0002B90
:107E800014D10E4B0D4A91693A680A439A610FE08A
:107E90000A4B0A4AD1693A680A43DA6108E0074B9B
:107EA000064A116A3A680A431A6201E0172300E0A1
:107EB00000231800BD4602B080BDC046000400404B
:107EC00080B500AF054B9B78DBB21A00022313404C
:107ED0005A1E9341DBB21800BD4680BD0020004110
:107EE00080B582B000AF0200FB1D1A70064BFA1D70
:107EF000127811001F220A40012191400A001A60E5
:107F0000C046BD4602B080BD00E100E080B582B051
:107F100000AF0200FB1D1A70074AFB1D1B781900F9
:107F20001F230B40012199400B0019008023D150E1
:107F3000C046BD4602B080BD00E100E080B584B01F
:107F400000AF78607B681B68FB60FB68DB695A1ECA
:107F50009341DBB21800BD4604B080BD80B584B04B
:107F600000AF78607B681B68FB607B681B6818004B
:107F70000B4B9847030018000A4B9847C0467B6894
:107F80001800094B9847031EF9D1FB681B680222B1
:107F90001A43FB681A60C046BD4604B080BDC046A7
:107FA000818D0000E17E00003D7F000080B584B03F
:107FB00000AF78607B681B68FB607B681B681800FB
:107FC0000E4B9847030018000D4B9847C0467B683E
:107FD00018000C4B9847031EF9D1FB688F221A75C5
:107FE000FB688F221A76FB681B68022293431A00F3
:107FF000FB681A60C046BD4604B080BD818D00009C
:108000000D7F00003D7F000080B584B000AF786038
:108010007B681B68FB60FB681B7EDBB21A000223D7
:1080200013405A1E9341DBB21800BD4604B080BD18
:1080300080B584B000AF78607B681B68FB60FB682C
:108040001B7EDBB21A00012313405A1E9341DBB2A0
:108050001800BD4604B080BD80B584B000AF786024
:108060007B681B68FB60FB681B7EDBB21A00042385
:1080700013405A1E9341DBB21800BD4604B080BDC8
:1080800080B584B000AF78600A00BB1C1A807B68A2
:108090001B68FB607B6818000A4B984703001A00B6
:1080A00001235340DBB2002B01D0052306E0BB1CAB
:1080B0001B88DB05DA0DFB689A6200231800BD46B9
:1080C00004B080BD3180000080B584B000AF78601E
:1080D00039607B681B68BB607B6818001B4B984746
:1080E00003001A0001235340DBB2002B01D0102300
:1080F00027E00F23FB1800221A70BB685B8B9BB232
:108100001A000423134006D00F23FB181E221A70F6
:10811000BB6804225A837B689B79012B08D1BB681A
:108120009B6A9BB2DB05DB0D9AB23B681A8005E0C7
:10813000BB689B6ADBB29AB23B681A800F23FB18BC
:108140001B781800BD4604B080BDC04659800000B1
:1081500090B589B000AF786039600C23FB1800221D
:108160001A807B681B68FB617B681800244B98476A
:10817000C0467B681800234B9847031EF9D17B68E3
:108180001B681800204B98470300BB61BB69143380
:108190007B617B69DBB218001C4B984703003B6195
:1081A0000F23FC180C23FA1839693B681800184B88
:1081B0009847030023700F23FB181B78002B01D076
:1081C000172318E00C23FB181B88DAB2FB691A731B
:1081D000C0467B6818000B4B9847031EF9D17B689B
:1081E00018000C4B9847C0467B681800054B984711
:1081F000031EF9D100231800BD4609B090BDC0464A
:10820000AD7F00003D7F0000FD7C000091A90000D3
:10821000377A00005D7F000090B593B000AF7860C2
:1082200039607B681B687B637B681B683B631C232E
:10823000FB181800754B98471C23FB1800225A7036
:108240003B681B78002B03D11C23FB1800229A707B
:108250003B689A6A0C23FB181A603B68DA6A0C23A5
:10826000FB185A603B681A6B0C23FB189A603B683A
:108270005A6B0C23FB18DA604723FB1800221A7094
:108280002CE04723FB181A780C23FB189200D358D4
:108290003B643B6C002B09D14723FB181A783B6BDE
:1082A000110018005A4B984703003B643B6C0133A4
:1082B0000DD03B6CDAB21C23FB181A703B6C1B0C04
:1082C000DBB21C22BA1811001800524B9847472302
:1082D000FB181A784723FB1801321A704723FB1842
:1082E0001B78032BCDD93B681A787B685A713B68A1
:1082F0001A7C7B689A713B689A7C7B68DA713B6870
:108300001A7D7B681A720A23FB1800221A80002348
:10831000FB630023BB633B681B78012B29D17B687F
:108320001B6818003C4B98470300FB62FB6A143340
:10833000BB62BB6ADBB21800384B984703007B6214
:108340003B689B692322BC180A22BA18796A180074
:10835000334B9847030023702323FB181B78002B13
:1083600001D017234EE00A23FB181B88DAB27B6B7F
:108370001A733B685B68FA6B1343FB633B689B684B
:10838000FA6B1343FB633B68DB68FA6B1343FB63D5
:108390003B681B7C1A00BB6B1343BB633B685B7C75
:1083A000002B03D11F4B9847031E03D0FB6B802289
:1083B0001343FB633B689B7C002B04D0BB6B802288
:1083C00092021343BB633B68DB7C002B04D0BB6B86
:1083D000802292001343BB633B681B7D002B04D0BB
:1083E000BB6B802292011343BB637B6B1A68FB6BF0
:1083F0001A437B6B1A607B6B5A68BB6B1A437B6BAF
:108400005A6000231800BD4613B090BD4D7D00009A
:10841000417B000059AB0000FD7C000091A90000E9
:10842000377A0000C17E000090B58BB000AFF860D5
:10843000B9607A60FB68BA681A60FB681B683B62C7
:108440003B6A1B680222134001D01C239CE03B6A5C
:108450001B680122134001D0052395E0FB681B68CF
:1084600018004B4B98470300FB61FB690233BB616B
:10847000FB6914337B610122BB699A401300190028
:108480000220444B98471023FB181800424B984792
:108490007B6824229A5C1023FB181A707B69DBB27C
:1084A0001022BA18110018003C4B98477B69DBB2C8
:1084B00018003B4B98477B6824229B5C00211800E6
:1084C000384B98477B681B78012B05D13B6A1B68AA
:1084D0000C221A433B6A1A602723FB1800221A70E9
:1084E00010E02723FB181B78FA6802339B00D3188F
:1084F000043300221A602723FB181A782723FB185D
:1085000001321A702723FB181B78062BE9D9FB6868
:108510000022DA62FB6800229A62FB6800229A86D7
:10852000FB6800221A86FB68362200219954FB68FA
:10853000372200219954FB68382200219954FB68A6
:1085400003225A72FB6800221A71FB681B6813220F
:10855000BC1818000E4B984703002370124A1323CF
:10856000FB181B7811001800104B98471323FB18B9
:108570001A780F4B9200F968D1507A68FB681100A5
:1085800018000C4B984703001800BD460BB090BD77
:10859000FD7C0000657E00004D7E00006DA800009F
:1085A000B1A80000B57A0000818A0000158D000096
:1085B000D40C00201982000090B587B000AFF8609D
:1085C000B9601900BB1D1A803B1D0A1C1A80FB688C
:1085D00038229B5CDBB2052B01D105237AE0BB1D61
:1085E0001B88002B01D1172374E0FB68DB79012283
:1085F0005340DBB2002B01D01C236BE01623FB1889
:1086000000221A805EE0FB685B79012B12D1C04624
:10861000FB681800314B984703001A0001235340B0
:10862000DBB2002BF4D13B1D1A88FB681100180047
:108630002B4B9847C046FB6818002A4B984703000D
:108640001A0001235340DBB2002BF4D11223FB1894
:1086500000221A801523FC181223FA18FB68110057
:108660001800214B9847030023701523FB181B7833
:10867000002B03D01523FB181B782BE01623FB18C7
:108680001B881622BA18591C11801A00BB689B1847
:108690001222BA181288D2B21A70FB689B79012B89
:1086A00010D11623FB181B881622BA18591C1180EA
:1086B0001A00BB689B181222BA181288120A92B2CA
:1086C000D2B21A70BB1D1B88BA1D591E1180002B17
:1086D00099D100231800BD4607B090BD318000003D
:1086E0008180000059800000C980000080B586B0FC
:1086F00000AFF860B960FB1D1A70FB685B79012B55
:1087000001D015235CE0FB681B7A01225340DBB2E9
:10871000002B54D0FB1D1B78002B4AD0BB685B7824
:10872000002B3FD0FB681800274B984703001A0026
:1087300001235340DBB2002B07D0BB681B7801211B
:108740001800224B984705233AE0BB681B780021AC
:1087500018001E4B9847BB689B789AB2FB681100C3
:1087600018001B4B9847FB68DB7901225340DBB2B2
:10877000002B24D0C046FB681800164B9847030016
:108780001A0001235340DBB2002BF4D11623FB184F
:1087900000221A801623FA18FB68110018000E4BED
:1087A00098470CE0BB681B7800211800074B9847DE
:1087B00005E0BB681B7801211800044B9847002393
:1087C0001800BD4606B080BD31800000F97D000074
:1087D0008180000059800000C980000080B586B00B
:1087E00000AFF860B960BB1D1A80FB6838229B5C43
:1087F000DBB2052B01D1052387E0BB1D1B88002BB5
:1088000001D1172381E01623FB1800221A801423BC
:10881000FB18BA1D12881A805FE0C046FB6818007A
:108820003C4B984703001A0001235340DBB2002B56
:10883000F4D11623FB181B881622BA18591C118074
:108840001A00BB689B181A781223FB181A80FB6861
:108850009B79012B15D11623FB181B881622BA18F9
:10886000591C11801A00BB689B181B781B021AB296
:108870001223FB1800215B5E13431AB21223FB186C
:108880001A801223FB181A88FB6811001800224B6B
:108890009847FB68DB791422BA18142179180988E3
:1088A0001180002B19D0C046FB6818001B4B98475D
:1088B00003001A0001235340DBB2002BF4D1102334
:1088C000FA18FB6811001800154B98471423FB1881
:1088D0001A881423FB18013A1A80BB1D1B88BA1D85
:1088E000591E1180002B98D1FB685B79012B0BD1AD
:1088F000C046FB6818000B4B984703001A00012381
:108900005340DBB2002BF4D100231800BD4606B063
:1089100080BDC04631800000818000005980000089
:10892000C98000000980000080B584B000AF786085
:108930007B681B68BB607B68DB6A1B78DAB20E233E
:10894000FB181A807B68DB6A5A1C7B68DA627B68DA
:108950009B79012B13D17B68DB6A1B78DBB21B028E
:108960001AB20E23FB1800215B5E13431AB20E23CA
:10897000FB181A807B68DB6A5A1C7B68DA620E235C
:10898000FB181B88DB05DA0DBB689A627B689B8E3F
:108990009BB2013B9AB27B689A86C046BD4604B042
:1089A00080BD000080B584B000AF78607B681B6834
:1089B000FB60084B1B881A00FB689A627B685B8E21
:1089C0009BB2013B9AB27B685A86C046BD4604B052
:1089D00080BDC046D00C002080B584B000AF786068
:1089E0007B681B68FB600A23FB1800221A80FB6867
:1089F0009A6A0A23FB181A807B685B8E9BB2013B44
:108A00009AB27B685A86C046BD4604B080BD80B528
:108A100084B000AF78607B681B68FB60FB689B6A72
:108A20009AB20A23FB18D205D20D1A807B689B6A82
:108A30000A22BA181288D2B21A707B689B6A5A1C32
:108A40007B689A627B689B79012B0DD17B689B6A5E
:108A50000A22BA181288120A92B2D2B21A707B682D
:108A60009B6A5A1C7B689A627B681B8E9BB2013B97
:108A70009AB27B681A86C046BD4604B080BD00002D
:108A800080B586B000AF0200FB1D1A70FB1D1A787E
:108A9000964B9200D3587B617B691B683B617B6975
:108AA00037229A5C7B693621595C0F23FB180A40F8
:108AB0001A703B691B7EDAB20C23FB181A803B69E3
:108AC0009B7DDBB29AB20C23FB180C217918098824
:108AD0000A401A800C23FB181B880122134038D04F
:108AE0007B695B79012B10D17B695B7ADBB2002B50
:108AF0000BD17B6918007E4B98477B695B8E9BB2DC
:108B0000002B02D13B6901221A757B695B79012B2D
:108B10001FD17B695B7ADBB2002B1AD07B6918000E
:108B2000744B98477B699B8E9BB2002B11D13B699C
:108B300001221A757B695B7ADBB2012B09D17B6953
:108B4000DB7901225340DBB2002B02D03B690222C9
:108B50009A750C23FB181B880422134000D17EE079
:108B60003B695B8B9BB21A000423134022D07B69C4
:108B70005B7ADBB2012B14D07B6938221E21995419
:108B80007B6903225A723B6905221A750F23FB1871
:108B90001B780822134004D07B699B697A69100016
:108BA00098473B699A6A0A23FB181A803B6904229A
:108BB0005A8354E07B695B7ADBB2012B1ED17B695F
:108BC00018004D4B98477B695B8E9BB2002B46D1BA
:108BD0003B6904221A757B693822002199547B690C
:108BE00003225A720F23FB181B780122134036D040
:108BF0007B69DB687A691000984730E07B69180070
:108C00003E4B98477B691B8E9BB2002B27D17B691B
:108C10003822002199543B6904221A757B695B7ADA
:108C2000DBB2022B0BD10F23FB181B78042213405D
:108C300015D07B695B697A69100098470FE07B6902
:108C40005B7ADBB2002B0AD10F23FB181B780222C0
:108C5000134004D07B691B697A69100098470C2384
:108C6000FB181B880222134024D07B695B79012BFF
:108C700020D17B695B7ADBB2012B1BD17B69DB796D
:108C800001225340DBB2002B14D03B6902221A753B
:108C90007B6903225A727B693822002199540F2381
:108CA000FB181B780122134004D07B69DB687A69CA
:108CB000100098470C23FB181B888022134010D00B
:108CC0003B6980221A753B6980221A760F23FB18B4
:108CD0001B784022134004D07B695B6A7A691000DC
:108CE0009847C046BD4606B080BDC046D40C0020A3
:108CF000A589000029890000D98900000F8A000099
:108D000080B582B000AF0200FB1D1A70C046BD46A0
:108D100002B080BD80B584B000AF02003960FB1D99
:108D20001A70134B1B7801225340DBB2002B15D075
:108D30000023FB600CE00F4BFA6892000E49D15003
:108D40000E4BFA6892000021D150FB680133FB60A2
:108D5000FB68052BEFD9064B01221A70FB1D1A7810
:108D6000044B92003968D150C046BD4604B080BD66
:108D70007E04002080040020018D0000D40C00201F
:108D800090B585B000AF78600823FB180B4A1168D6
:108D9000196092889A800F23FC187B681800084B92
:108DA0009847030023700F23FB181B780822BA187A
:108DB000D35C5BB21800BD4605B090BDB0B80000F2
:108DC000FD7C000080B500AF034B1B680020984776
:108DD000C046BD4680BDC0468004002080B500AFBF
:108DE000034B5B6801209847C046BD4680BDC04626
:108DF0008004002080B500AF034B9B680220984799
:108E0000C046BD4680BDC0468004002080B500AF8E
:108E1000034BDB6803209847C046BD4680BDC04673
:108E20008004002080B500AF034B1B6904209847E5
:108E3000C046BD4680BDC0468004002080B500AF5E
:108E4000034B5B6905209847C046BD4680BDC046C0
:108E50008004002080B500AFC046BD4680BD000044
:108E600080B584B000AF0200FB1D1A700F23FB1801
:108E7000FA1D1278D2091A700E23FB18FA1D127807
:108E800052091A700D4BBB600F23FB181B78002B87
:108E90000FD10F23FB181B789B0010229446BC4473
:108EA0006344083B1A680E23FB181B78DB01D318B8
:108EB00000E000231800BD4604B080BD004400411E
:108EC00080B582B000AF0200FB1D1A70FB1D1B783D
:108ED0001800034B984703001800BD4602B080BD40
:108EE000618E000080B582B000AF78607B680022A0
:108EF0001A707B6801225A707B6800229A70C04603
:108F0000BD4602B080BD000080B584B000AF020055
:108F1000FB1D1A70BB1D0A1C1A70FB1D1B78180064
:108F20000D4B98470300FB60FB1D1B781F2213406D
:108F300001229A401300BB60BB1D1B78002B03D09D
:108F4000FB68BA689A6102E0FB68BA685A61C04679
:108F5000BD4604B080BDC046C18E000080B582B061
:108F600000AF0200FB1D1A70064BFA1D12781100AB
:108F70001F220A40012191400A001A60C046BD46E6
:108F800002B080BD00E100E080B584B000AF786041
:108F90007B681B68FB60FB68DB695A1E9341DBB290
:108FA0001800BD4604B080BD80B582B000AF7860C7
:108FB0007B6801221A707B6800225A607B6800225D
:108FC0009A607B68C0229203DA607B6800221A7480
:108FD0007B6800225A747B6801229A747B680122A4
:108FE000DA747B6800221A757B6824220021995468
:108FF0007B6818330C22002118000A4B98477B68C5
:10900000094A9A617B6800229A627B680022DA62D0
:109010007B6800221A637B6800225A63C046BD4603
:1090200002B080BDF3B50000A086010080B582B01B
:1090300000AF78607B680A221A707B6800225A7041
:109040007B6800229A70C046BD4602B080BD000019
:1090500080B584B000AF786039603B681A787B686F
:109060001A703B685A787B685A703B689A787B68BC
:109070009A700C23FB1818000B4B98470C23FB1815
:1090800001221A707B681B780C22BA181100180094
:10909000064B98477B681B7801211800044B9847C2
:1090A000C046BD4604B080BDE58E0000F59A0000C4
:1090B000098F000080B584B000AF78607B681B68C2
:1090C000FB607B681B6818000B4B98470300180077
:1090D0000A4B9847C0467B681800094B9847031E07
:1090E000F9D1FB681B6802221A43FB681A60C0466C
:1090F000BD4604B080BDC046818D00005D8F00007C
:10910000898F000080B584B000AF78600A00FB1C36
:109110001A700F23FB1800221A7038E07B685A1C63
:109120007A600E22BA181B7813700D23FB180022E8
:109130001A7027E00F23FA180F23FB181B78DB188F
:1091400013700E23FA180F23FB1812781B78534064
:10915000DBB25BB2002B07DA0F23FB180F22BA1821
:10916000127809214A401A700E23FA180E23FB18B0
:109170001B78DB1813700D23FB181A780D23FB18CE
:1091800001321A700D23FB181B78072BD2D9FB1C58
:109190001B78FA1C591E1170002BBFD10F23FB182E
:1091A0001B785B005BB2012213435AB20F23FB18FA
:1091B0001A700F23FB181B781800BD4604B080BD41
:1091C00090B583B000AF7B1CFF221A70BB1CFF223E
:1091D0001A80BB1C1B88791C11480122114CA04726
:1091E000114B7B60BB1C1B88791C0D4801220D4C68
:1091F000A047BB1C1B88791C09480122094CA047C9
:109200007B685A1E7A60002B01D1002304E07B1C8E
:109210001B78FF2BEDD101231800BD4603B090BD94
:1092200098040020B9850000400D030090B583B07C
:1092300000AFBB1CFF221A807B1C00221A70184B47
:109240007B607B685A1E7A60002B04D1154B042288
:109250001A70002320E0BB1C1B88791C12480122D5
:10926000124CA0477B1C1B781A00F02313400ED130
:109270007B1C1B781A000723134003D0094B0722DD
:109280001A7002E0074B0B221A70002304E07B1CCB
:109290001B78FE2BD5D101231800BD4603B090BD2D
:1092A00020A10700DB04002098040020B9850000FD
:1092B00090B583B000AFBB1DFF221A80BB1D1B8879
:1092C000391D04480222044CA047C046BD4603B0E5
:1092D00090BDC04698040020B985000080B582B0DA
:1092E00000AFFB1DFF221A70F91D0D4B0122180063
:1092F0000C4B98470C4B1B88012B03D1BB1DFE2246
:109300001A7002E0BB1DFC221A70B91D044B012229
:109310001800044B9847C046BD4602B080BDC04609
:1093200098040020DD870000E604002090B583B09B
:1093300000AFBB1DFF221A80BB1C012252421A80C3
:10934000B91C1B4B022218001A4B9847BB1D1B88E7
:10935000791D17480122184CA0477B1D1B781A0065
:109360001023134005D17B1D1B781A0001231340E5
:1093700004D1124B01221A70002314E07B1D1B78CC
:109380001A001E231340042B0BD00A2B04D10B4BC5
:1093900008221A70002306E0084B0A221A700023E4
:1093A00001E0C04601231800BD4603B090BDC04691
:1093B00098040020DD870000B9850000DB04002050
:1093C00090B583B000AF1D4B1B88012B01D1012349
:1093D00030E01A4B1B881C00194B1A68194B1B886C
:1093E0001900194B1000984703009C4201D9012332
:1093F00020E0FB1DFF221A70F91D144B01221800FA
:10940000134B9847FB1DFD221A70F91D0F4B0122CB
:1094100018000F4B98470F4B984703001A00012381
:109420005340DBB2002B04D00B4B05221A700023F3
:1094300000E001231800BD4603B090BDE604002003
:10944000E0040020E404002005B00000980400209F
:10945000DD870000C1910000DB04002080B58EB0E4
:1094600000AF1D4B00221A703B0018001B4B9847A1
:109470003B0080225202DA603B00194A9A623B00AC
:1094800001225242DA623B00164A1A633B00164A36
:109490005A633B002422002199543B00134A9A61ED
:1094A0003A001349134B1800134B9847114B1800FF
:1094B000124B9847124B1800124B9847124B1A78D0
:1094C0000F4B1A700E4A114B11001800104B9847A1
:1094D000C046BD460EB080BDDB040020A98F000051
:1094E0000200080002000A0002000B00801A0600B9
:1094F000000800429804002029840000B590000074
:10950000D80400202D9000004C010020D40400203D
:109510005190000090B583B000AF04003960100096
:109520001900FB1D221C1A70BB1D021C1A707B1D2A
:109530000A1C1A70134B00221A703B68124A93429D
:1095400007D9114B3B6004E03B68DB083A68D31A4B
:109550003B603A680D4B110018000D4B9847030013
:10956000172BF1D0FB1D1A7813005B009B18094ADA
:109570009918064B01221800074B9847C046BD4674
:1095800003B090BDDB04002000127A009804002094
:1095900051810000D4040020ED86000080B582B027
:1095A00000AF0200FB1D1A70094B00221A70FB1D50
:1095B0001A7813005B009B18064A9918064B002284
:1095C0001800064B9847C046BD4602B080BDC04655
:1095D000DB040020D404002098040020ED86000065
:1095E00080B582B000AFBB1DFF221A700C4B002269
:1095F0001A70FB1D00221A700AE0B91D094B0122E6
:109600001800094B9847FB1D1A78FB1D01321A7090
:10961000FB1D1B78092BF0D9C046BD4602B080BDAA
:10962000DB04002098040020DD87000090B585B0A1
:1096300002AF7860396039687868002300930023AE
:109640000022034CA04703001800BD4603B090BDA4
:109650005596000090B589B000AFF860B960190068
:10966000BB1D1A803B1D0A1C1A801B23FB18FF22FE
:109670001A701C23FB18FF221A80724B00221A70EA
:10968000FB68DBB23F221340DBB240221343DAB265
:109690001423FB181A70BB681B0EDAB21423FB18D4
:1096A0005A70BB681B0CDAB21423FB189A70BB68A3
:1096B0001B0ADAB21423FB18DA70BB68DAB214237F
:1096C000FB181A711423FB18052118005E4B9847EC
:1096D00003001A001423FB185A711B23F9185B4B63
:1096E000012218005A4B98471423F918574B0622A9
:1096F0001800574B98471323FB18FF221A701C239E
:10970000FB181B881322B91850480122514CA0475E
:109710001F23FB1807221A701C23FB181B88132217
:10972000B9184A4801224B4CA0471323FB181B7859
:109730005BB2002B10DA1F23FB181F22BA18127815
:10974000013A1A701F23FB181B78002BE4D13D4B04
:1097500002221A70002370E0C0461323FB181B7806
:109760001A003D4B1A601323FB181B781A000823BC
:10977000134004D0334B06221A7000235DE01323FC
:10978000FB181B781A000423134004D02D4B092228
:109790001A70002351E01323FB181B781A000123D1
:1097A0009A43131E04D0274B01221A70002344E071
:1097B000FA6880239B0113400DD0284B9847030083
:1097C0001A0001235340DBB2002B04D01D4B0322AF
:1097D0001A70002331E0FA6880239B0013400ED0FA
:1097E0001D4B00221A601C23FB181B881A491748BE
:1097F0000122184CA047184B1A68174B1A60FA68D8
:109800008023DB0013400CD01C23FB181B8812495B
:109810000E4804220F4CA0470F4B1B681ABA0E4B80
:109820001A600F4BBA1D12881A800E4B3A1D12880F
:109830001A800D4B00221A6001231800BD4609B0A2
:1098400090BDC046DB040020059100009804002074
:10985000DD870000B9850000DC040020C191000014
:10986000E4040020E6040020E004002080B500AFFE
:10987000024B1B681800BD4680BDC046DC040020BA
:1098800090B585B000AF78600E23FB18FF221A80D8
:109890001C4B00221A701C4B1A681C4B1B881900A9
:1098A0001B4B100098470B1E0AD11A4B9847030018
:1098B0001A0001235340DBB2002B01D000231DE02E
:1098C0000E23FB181B88391D13480422134CA04794
:1098D0007B687A6812681A600B4B1B681A1D0A4B6A
:1098E0001A60094B1A68094B1B881900084B1000B5
:1098F00098470B1E01D10A4B984701231800BD461B
:1099000005B090BDDB040020E0040020E40400204A
:1099100011B100002D92000098040020B9850000CC
:10992000B192000090B585B000AF78600A00BB1C12
:109930001A800A23FB18FF221A801C4B00221A707F
:109940000023FB6025E01A4B984703001A0001230F
:109950005340DBB2002B01D0002322E07A68FB6881
:10996000D118144B1A880A23FB181B881248134C71
:10997000A047104B1B881A00FB689B18FB600D4B1F
:109980001B881A000E4B1B68D2180D4B1A600D4B2A
:109990009847BB1C1B88BA1C591E1180002BD2D1C2
:1099A00001231800BD4605B090BDC046DB04002071
:1099B0002D920000E404002098040020B9850000E6
:1099C000E0040020B192000080B500AF0123180030
:1099D000BD4680BD80B584B000AF78600A00BB1C76
:1099E0001A80244B00221A700023FB6035E0224BC2
:1099F00098477A68FB68D118204B1A88204B1800CA
:109A0000204B98471D4B1B881A00FB689B18FB6076
:109A10001A4B1B881A001C4B1B68D2181A4B1A6071
:109A20001A4B984703001A0001235340DBB2002B66
:109A300001D0002319E0BB1C1B88002B0DD0144B58
:109A4000984703001A0001235340DBB2002B04D0D7
:109A5000084B05221A70002307E0BB1C1B88BA1CA8
:109A6000591E1180002BC2D101231800BD4604B03D
:109A700080BDC046DB040020DD920000E40400202D
:109A800098040020DD870000E00400202D930000F2
:109A9000C191000080B500AF094B984703001A0040
:109AA00001235340DBB2002B04D0064B05221A7071
:109AB000002302E0044B984703001800BD4680BD18
:109AC000C1910000DB040020C193000080B582B08A
:109AD00000AF78607B6880221A707B6800225A7021
:109AE0007B6801229A707B680022DA70C046BD460E
:109AF00002B080BD80B584B000AF02003960FB1DAC
:109B00001A700C23FB181800104B98470C23FB18F5
:109B100080221A703B681A780C23FB185A703B6835
:109B20005A780C23FB189A703B689A780C23FB1820
:109B3000DA700C23FA18FB1D1B7811001800044B77
:109B40009847C046BD4604B080BDC046CD9A0000CF
:109B500059AB000080B500AFC046BD4680BD0000D7
:109B600080B582B000AF104B1B68002B12D1EFF311
:109B700010837B607B68002B09D172B6BFF35F8FC7
:109B80000A4B00221A700A4B01221A7002E0084B9D
:109B900000221A70044B1B685A1C034B1A60C04603
:109BA000BD4602B080BDC046E80400204D01002043
:109BB000EC04002080B500AF0B4B1B685A1E0A4B0B
:109BC0001A60094B1B68002B0AD1084B1B78DBB2CB
:109BD000002B05D0064B01221A70BFF35F8F62B6CF
:109BE000C046BD4680BDC046E8040020EC0400200D
:109BF0004D01002080B582B000AF78607B68012203
:109C00005A607B6800225A707B6806221A707B6853
:109C100000221A727B6800225A72C046BD4602B00A
:109C200080BD80B582B000AF78607B6800221A707A
:109C30007B6804225A707B6800229A707B688022BD
:109C400012029A607B680022DA707B6801221A7126
:109C50007B6800221A737B6801225A737B6800229A
:109C60009A73C046BD4602B080BD80B582B000AFD9
:109C700078607B6803221A707B6800225A707B68C8
:109C800001229A70C046BD4602B080BD80B582B048
:109C900000AF78607B6800221A707B6800225A80CF
:109CA0007B6800229A807B6800229A717B68002280
:109CB000DA717B6801225A707B6807221A727B680E
:109CC0003F225A817B6801221A737B680122DA8164
:109CD0007B6806221A82C046BD4602B080BD0000E5
:109CE00080B582B000AF0200FB1D1A70034AFB1D55
:109CF0001B781372C046BD4602B080BD0004004010
:109D000080B582B000AF0200FB1D1A70BB1D0A1C9B
:109D10001A70FB1D1B78012B08D0022B0BD0002BD7
:109D20000ED10B4ABB1D1B7853720BE0084ABB1DBA
:109D30001B78937206E0064ABB1D1B78D37201E0C4
:109D4000172300E000231800BD4602B080BDC046C6
:109D50000004004080B582B000AF0200FB1D1A7005
:109D6000084AFB1D1B780F210B40D9B253680F2006
:109D7000014049001E2083430B435360C046BD464B
:109D800002B080BD0040004180B500AFC046044B2A
:109D9000DB6810221340FAD0C046BD4680BDC046E5
:109DA0000008004080B500AF0C4B02229A840C4B97
:109DB00098470A4A0B4B9B68D362084A094B5B6879
:109DC0009362064B00229A84054B9847034A054B41
:109DD0001B689BB29384C046BD4680BD000800400E
:109DE000899D0000F004002080B582B000AF020021
:109DF000FB1D1A70FB1D1B78082B41D89A00234BC2
:109E0000D3181B689F46224B1B693AE0214B1B6A03
:109E10009B059B0FDBB21A001F4BD34031E0802320
:109E20001B022EE080231B022BE0194B5B6928E00C
:109E3000174B1B680222134001D1002321E0174B6E
:109E40009847134B1B6824221340042B09D1002090
:109E5000134B984702000E4B9B681B041B0C53438B
:109E60000FE0104B0DE00B4A5023D35CDBB21A001D
:109E70000423134001D1002303E0054BDB6800E01D
:109E800000231800BD4602B080BDC046B8B800002F
:109E9000F00400200008004000127A00899D0000B4
:109EA00091A90000006CDC0280B584B000AF78603E
:109EB0001A4B1B6AFB607B681B781A1C0323134038
:109EC000DAB20D23FB1803210A4010001A7803218F
:109ED0008A43111C021C0A431A707B689A780C236F
:109EE000FB18D0011A787F210A40111C021C0A437A
:109EF0001A707B685A780C23FB1801210A409001E4
:109F00001A7840218A43111C021C0A431A70034B21
:109F1000FA681A62C046BD4604B080BD0008004021
:109F200080B584B000AF7860434A0C23FB18928A56
:109F30001A807B685B781A1C07231340DAB20C2363
:109F4000FB1807210A4010005A7807218A43111C88
:109F5000021C0A435A707B681B78002B06D10C2325
:109F6000FB181A7804210A431A7005E00C23FB1829
:109F70001A7804218A431A707B689A780C23FB189C
:109F800001210A4050011A7820218A43111C021C29
:109F90000A431A707B68DA780C23FB1801210A4007
:109FA00010011A7810218A43111C021C0A431A70EE
:109FB0007B681A790C23FB1801210A40D0001A781B
:109FC00008218A43111C021C0A431A707B685A7BC1
:109FD0000C23FB18D0011A787F210A40111C021CA7
:109FE0000A431A707B681A7B0C23FB1801210A4074
:109FF00090011A7840218A43111C021C0A431A70EE
:10A000007B689A7B0C23FB1801210A4010015A78C7
:10A0100010218A43111C021C0A435A707B689A68FB
:10A02000064B5A61044A0C23FB181B889382C046D6
:10A03000BD4604B080BDC04600080040F0040020CA
:10A0400080B582B000AF78607B681B7A9B021B04EE
:10A050001A0C7B685B899B059B0D1A432A4B5A603F
:10A060007B689A797B68DB791343DBB21A007B68E3
:10A070005B8813437A6892881A437B685B78DB01BC
:10A080001A43214B1A607B681B78042B16D17B681E
:10A090001B7B9B061A007B68DB891B0419001B4B8A
:10A0A0000B4013437A68128A1A43174B9A60164B77
:10A0B0001B687A6812781A43134B1A607B681B7806
:10A0C000202B1CD17B681B7B9B061A007B68DB89DD
:10A0D0001B0419000D4B0B4013437A68128A1A4374
:10A0E000094B9A60084B1B687A68127804210A436E
:10A0F000D2B213438022D2001A43034B1A60C046E7
:10A10000BD4602B080BDC046F00400200000FF0341
:10A1100080B582B000AF0200FB1D1A70FB1D1B78DA
:10A12000082B3BD89A00214BD3181B689F46204B25
:10A130001F4A126A02210A431A62002331E01C4BB3
:10A140001B4A926902210A439A6129E0184A184B76
:10A150001B8A9BB202210B439BB2138220E0144A5C
:10A16000134B9B8A9BB202210B439BB2938217E055
:10A17000104B1B6802221A430E4B1A600E4B984775
:10A180000EE00B4A0A494423CB5CDBB202210B43AD
:10A19000D9B24423D15403E0002302E0172300E0A6
:10A1A00000231800BD4602B080BDC046DCB80000E8
:10A1B00000080040F0040020A59D000080B584B098
:10A1C00000AF0200FB1D1A700023FB60FB1D1B7813
:10A1D000082B21D89A00184BD3181B689F460823D8
:10A1E000FB601BE00423FB6018E00123FB6015E02B
:10A1F0000223FB6012E01023FB600FE00F4A5023A4
:10A20000D35CDBB21A0003231340033B5A42534191
:10A21000DBB20CE001230AE0002308E0074BDB6817
:10A22000FA681A40FB68D31A5A425341DBB218004D
:10A23000BD4604B080BDC04600B900000008004023
:10A2400080B582B000AF3B0003221A7000237B6010
:10A2500009E07B68DBB23A0011001800054B984713
:10A260007B6801337B607B68242BF2D9C046BD46F6
:10A2700002B080BD6DA8000080B5AAB000AF9C4BB5
:10A28000C222D2009A6001209A4B98479A4B984775
:10A290009423FB181800994B98479423FB188022AD
:10A2A00012029A609423FB1800221A709423FB1860
:10A2B00005225A709423FB1800229A709423FB18ED
:10A2C0000022DA709423FB1801221A719423FB18E0
:10A2D00000225A739423FB1801221A739423FB184B
:10A2E0001800874B98470520864B9847C0460520A5
:10A2F000854B984703001A0001235340DBB2002B23
:10A30000F5D17B4A938A80210B4393828023FB18EB
:10A3100018007E4B98478023FB1820221A70802358
:10A32000FB1800225A707A4B1B689B0EA422BA18A5
:10A330001360A423FB181B683F2B03D11F23A42207
:10A34000BA181360A423FB181B68DAB28023FB1829
:10A350001A728023FB1800225A808023FB180022E7
:10A36000DA718023FB1800229A718023FB180022E7
:10A370009A808023FB1803221A738023FB181F2264
:10A38000DA818023FB180A22DA818023FB18614AD4
:10A390005A818023FB1800225A808023FB18002258
:10A3A000DA718023FB1800229A718023FB18802227
:10A3B00052009A808023FB18574A1A828023FB1888
:10A3C0001800564B98477C23FB181800544B9847AD
:10A3D0007C23FB1800221A707C23FB1801229A7040
:10A3E0007C23FB1800225A707C23FB1818004D4B6D
:10A3F00098470620434B98474B4B98476423FB18DC
:10A4000018004A4B98476423FB1807221A706423EC
:10A41000FB1801225A606423FB1801221A7264237C
:10A42000FB1800225A726423FB1819000120404BCC
:10A43000984701203F4B98475823FB1818003B4B87
:10A4400098475823FB1805221A705823FB1820221E
:10A450005A605823FB1801221A725823FB18002255
:10A460005A725823FB1819000220314B98470220DA
:10A47000304B98470720234B9847C0460720224B74
:10A48000984703001A0001235340DBB2002BF5D19B
:10A49000174A938C80210B4393840020264B9847C6
:10A4A00000210020254B984700210120234B98478D
:10A4B00000210220214B98473B0018001B4B984776
:10A4C0003B0007221A703B0001225A603B00012228
:10A4D0001A723B0000225A723B0019000020144BF4
:10A4E00098470020134B9847C046BD462AB080BD10
:10A4F00000080040559D000041A20000239C000080
:10A50000219F000011A10000BDA100008D9C000052
:10A5100024608000FF01000080BBFFFF41A000001D
:10A520006B9C0000A99E0000E5A50000F59B0000C3
:10A5300015A6000039A70000E19C0000019D000065
:10A5400080B582B000AF02003960FB1D1A70FB1DA0
:10A550001B78012B0AD0022B0FD0002B14D10E4BED
:10A560000D4A91693A680A439A610FE00A4B0A4A18
:10A57000D1693A680A43DA6108E0074B064A116A72
:10A580003A680A431A6201E0172300E0002318002A
:10A59000BD4602B080BDC0460004004080B500AF9B
:10A5A000024B9847C046BD4680BDC046619B000037
:10A5B00080B500AF024B9847C046BD4680BDC0463F
:10A5C000B59B000080B500AF054B5B78DBB25BB29A
:10A5D000002B01DA012300E000231800BD4680BDF6
:10A5E000000C004080B500AF08210020074B9847C1
:10A5F000074B01221A70C046054B1B78DBB21A00CC
:10A6000001231340F8D1C046BD4680BD41A50000DE
:10A61000000C004080B586B000AF02003960FB1D21
:10A620001A70FB1D1B787B61FB1D1B783B613B682F
:10A630001B781B021A007B6913437B613B685B78C4
:10A64000002B04D07B698022D20213437B613B68DC
:10A650005B7A002B04D07B698022120313437B6159
:10A660003B685B68012B2CD93B685A683B685B6888
:10A67000013B13401AD10023FB600223BB6005E0BD
:10A68000FB680133FB60BB685B00BB603B685A68DA
:10A69000BB689A42F4D8FB681B023A6913433B61DA
:10A6A0007B698022520313437B610AE03B685B684D
:10A6B0001B023A6913433B617B6980229202134378
:10A6C0007B613B681B7A002B04D07B69802292035C
:10A6D00013437B61C046134B9847031EFBD1124BBB
:10A6E0009847124AFB1D1B781370C0460D4B9847C4
:10A6F000031EFBD10E4B3A699A60C046094B98473E
:10A70000031EFBD10A4B0A4A5168802252021140B3
:10A710007A690A435A60074B9847C046BD4606B05F
:10A7200080BDC046C5A500009DA50000080C0040E6
:10A73000000C0040B1A5000080B582B000AF02005F
:10A74000FB1D1A70C0460E4B9847031EFBD10D4BE4
:10A7500098470D4AFB1D1B781370C046084B98475D
:10A76000031EFBD1094B094A5268802149020A4362
:10A770005A60074B9847C046BD4602B080BDC046F0
:10A78000C5A500009DA50000040C0040000C004081
:10A79000B1A5000080B586B000AF0200FB1D1A70A5
:10A7A000C0462A4B9847031EFBD1294B9847294A9C
:10A7B000FB1D1B781370C046244B9847031EFBD12A
:10A7C000254B5B68DB04DB0EDBB21800234B98479C
:10A7D00003007B611F4AFB1D1B7813701E4B5B68D7
:10A7E000DB02DB0FDAB21323FB181A701C4AFB1DC5
:10A7F0001B781370C046154B9847031EFBD1164BB0
:10A800009B681B021B0C9BB2FB60164B98471323E3
:10A81000FB181B78002B09D1FB68012B06D9124BC2
:10A82000F9687869984703007B610AE01323FB18F5
:10A830001B78002B05D0FB6801337A69DA401300DE
:10A840007B617B691800BD4606B080BDC5A50000D0
:10A850009DA50000040C0040000C0040E99D000094
:10A86000080C0040B1A5000005B0000080B584B020
:10A8700000AF02003960FB1D1A70FB1D1B78FB60E6
:10A880003B681B781B021A00FB681343FB60FB1D2F
:10A890001B781800044B9847044BFA6892B25A8010
:10A8A000C046BD4604B080BDF9A80000000C0040C1
:10A8B00080B582B000AF0200FB1D1A700A4B9847AA
:10A8C0000A4AFB1D1B7813700949094B5B889BB230
:10A8D0008022D20113439BB24B80064B9847C0465F
:10A8E000BD4602B080BDC0469DA50000020C0040E0
:10A8F000000C0040B1A5000080B584B000AF02009C
:10A90000FB1D1A701C4B98471C4AFB1D1B781370CB
:10A910001B4B5B881B051B0FDBB2FB60184A53887F
:10A9200018490B405380164A154B5B889BB2164959
:10A930000B409BB25380C046114B5B889BB21A0000
:10A940008023DB011340F7D10D4AFB68DBB2191CF1
:10A950000F230B40D9B25388081C0F210140080275
:10A9600008490B40191C031C0B435380074B9847A5
:10A97000C046BD4604B080BD9DA50000020C00404D
:10A98000000C0040FFF0FFFFFFBFFFFFB1A500007C
:10A9900080B584B000AF0200FB1D1A700D4B9847C4
:10A9A0000D4AFB1D1B7813700C4B5B881B051B0F9E
:10A9B000DAB20F23FB181A70094B98470F23FB18C4
:10A9C0001B781800074B984703001800BD4604B0D9
:10A9D00080BDC0469DA50000020C0040000C004058
:10A9E000B1A5000095A7000080B584B000AF0200BB
:10A9F000FB1D1A700F23FB18FA1D1278D2091A706A
:10AA00000E23FB18FA1D127852091A700D4BBB6009
:10AA10000F23FB181B78002B0FD10F23FB181B787B
:10AA20009B0010229446BC446344083B1A680E23E2
:10AA3000FB181B78DB01D31800E000231800BD468B
:10AA400004B080BD0044004180B588B000AFF8601C
:10AA5000B9607A600023FB617B68DB780122534098
:10AA6000DBB2002B35D07B681B78802B0BD0FB69C9
:10AA7000802252021343FB617B681B781B061A007D
:10AA8000FB691343FB617B685B78002B03D07B6819
:10AA90005B78022B10D1FB69802292021343FB6189
:10AAA0007B689B78002B04D0FB698022D202134381
:10AAB000FB61FB68BA685A607B685B78012B03D046
:10AAC0007B685B78022B07D1FB69224A1340FB614C
:10AAD00002E0FB68BA685A60BB681B041B0CBB61D0
:10AAE000BB681B0C7B61BA69FB691343A022D205CA
:10AAF0001A43FB689A627A69FB691343D0221206F3
:10AB00001A43FB689A627B68DB7801225340DBB210
:10AB1000002B1AD0FA698023DB0213400AD07B682D
:10AB20009B78012B03D1FB68BA689A6102E0FB684D
:10AB3000BA685A617B685B78012B03D07B685B78CD
:10AB4000022B02D1FB68BA689A60C046BD4608B0C5
:10AB500080BDC046FFFFFBFF80B584B000AF0200A0
:10AB60003960FB1D1A70FB1D1B7818000A4B9847B3
:10AB70000300FB60FB1D1B781F22134001229A403B
:10AB80001300BB603A68B968FB681800034B98472C
:10AB9000C046BD4604B080BDE9A9000049AA000036
:10ABA00080B500AFC046BD4680BD000080B500AF97
:10ABB000064B9847064B9847064B9847064B9847D5
:10ABC000064B9847C046BD4680BDC04679A20000EE
:10ABD000559B0000991F0000A1AB0000A1AB000035
:10ABE00080B582B000AF2F4B7B602F4B3B607A6803
:10ABF0003B689A420CD007E03B681A1D3A607A68BD
:10AC0000111D796012681A603A68284B9A42F3D392
:10AC1000274B3B6004E03B681A1D3A6000221A6033
:10AC20003A68244B9A42F6D3234B7B60234B7A68D5
:10AC3000FF218A439A60224A90235B000221D1506F
:10AC4000204AD37803218B43191C02230B43D37072
:10AC50001C4AD3780C218B43191C08230B43D37057
:10AC6000194A937B30218B43191C20230B43937388
:10AC7000154A937B0C218B43191C08230B439373B8
:10AC8000114A937B03218B43191C02230B439373BB
:10AC90000E4A536880210B4353600D4B98470D4B70
:10ACA0009847FEE74CB9000000000020500100204A
:10ACB00050010020F40C00200000000000ED00E036
:10ACC0000070004100500041004800410040004138
:10ACD00099B500001DAE000080B500AFFEE7000092
:10ACE00080B500AF044B01221A70BFF35F8F62B6CC
:10ACF000C046BD4680BDC0464D01002080B584B031
:10AD000000AF0200FB1D1A701A4B9B69FB60FA68CA
:10AD1000F0231B011340FB60FB681B0AFB60FB6810
:10AD2000022B05D8144A5368C02189000B43536095
:10AD3000FB1D1B78002B16DB022B02DD032B0BD037
:10AD400011E00E4B0D4A126904218A431A610C4A24
:10AD5000FB1D1B78537008E0084B084A1269042158
:10AD60000A431A6101E0172300E000231800BD46E2
:10AD700004B080BD002000410040004100ED00E033
:10AD80000004004080B500AFBFF34F8F30BFC04616
:10AD9000BD4680BD80B582B000AF0200FB1D1A70B9
:10ADA00072B6BFF35F8F0B4B00221A70FB1D1B782E
:10ADB000013BDBB21800084B9847064B01221A7082
:10ADC000BFF35F8F62B6054B9847C046BD4602B0E1
:10ADD00080BDC0464D010020FDAC000085AD0000E7
:10ADE00080B582B000AFFB1D00221A7009E0FB1D88
:10ADF0001B78094A0021D154FB1D1A78FB1D013232
:10AE00001A70FB1D1B78032BF1D9034B01221A7119
:10AE1000C046BD4602B080BDEC0C0020F0B583B04A
:10AE200000AF384B01221A70BFF35F8F62B6364B0A
:10AE30009847364B9847364B9847364A882308211F
:10AE4000D150344B802212059A60334B9847314AD7
:10AE500094230821D1502F4B802212055A610020E3
:10AE60002E4B984703003B6000237B602C4CFA225A
:10AE70005200002338687968A04703000C001900CD
:10AE80002200284B0024C918624108001100264CFA
:10AE9000264A0023A04703000C001800244B9847C3
:10AEA000244B9847244B984700201C4B984703009D
:10AEB0001D0000231E001A4C6422002328003100CC
:10AEC000A04703000C0019002200164B0024C918EB
:10AED000624108001100144C144A0023A0470300EB
:10AEE0000C001800124B9847144B9847C046144B5F
:10AEF0009847144B9847144B98470120134B984799
:10AF0000F9E7C0464D010020ADAB0000E1AD000007
:10AF1000558E00000044004151AF000095A700008D
:10AF2000ADB30000571B00006DB30000581B0000BC
:10AF3000010000208D100000D9210000E1AC0000CC
:10AF400041590000AD580000B535000095AD000036
:10AF5000F0B585B004AF00230393002302930023D0
:10AF600001930023009300230122012109201D4C9D
:10AF7000A047002303938023DB0202930023019365
:10AF8000002300930023012200210820154CA04734
:10AF90000A20154B98470B20134B98470020134B62
:10AFA000984703001D0000231E00114C642200235B
:10AFB00028003100A04703000C00190022000D4BAF
:10AFC0000024C9186241080011000B4C0B4A0023F1
:10AFD000A04703000C001800094B9847C046BD4627
:10AFE00001B0F0BD150100002502000095A700008A
:10AFF000ADB30000571B00006DB30000581B0000EC
:10B0000001000020002243088B4274D303098B42C5
:10B010005FD3030A8B4244D3030B8B4228D3030C28
:10B020008B420DD3FF22090212BA030C8B4202D3CA
:10B030001212090265D0030B8B4219D300E0090AF2
:10B04000C30B8B4201D3CB03C01A5241830B8B42FB
:10B0500001D38B03C01A5241430B8B4201D34B03E4
:10B06000C01A5241030B8B4201D30B03C01A524149
:10B07000C30A8B4201D3CB02C01A5241830A8B42CE
:10B0800001D38B02C01A5241430A8B4201D34B02B7
:10B09000C01A5241030A8B4201D30B02C01A52411B
:10B0A000CDD2C3098B4201D3CB01C01A52418309CF
:10B0B0008B4201D38B01C01A524143098B4201D309
:10B0C0004B01C01A524103098B4201D30B01C01A34
:10B0D0005241C3088B4201D3CB00C01A52418308AE
:10B0E0008B4201D38B00C01A524143088B4201D3DB
:10B0F0004B00C01A5241411A00D20146524110463B
:10B100007047FFE701B5002000F0F0F802BDC0462F
:10B110000029F7D076E7704703460B437FD400221F
:10B1200043088B4274D303098B425FD3030A8B42DB
:10B1300044D3030B8B4228D3030C8B420DD3FF2245
:10B14000090212BA030C8B4202D31212090265D013
:10B15000030B8B4219D300E0090AC30B8B4201D3C6
:10B16000CB03C01A5241830B8B4201D38B03C01A0D
:10B170005241430B8B4201D34B03C01A5241030B84
:10B180008B4201D30B03C01A5241C30A8B4201D335
:10B19000CB02C01A5241830A8B4201D38B02C01AE0
:10B1A0005241430A8B4201D34B02C01A5241030A57
:10B1B0008B4201D30B02C01A5241CDD2C3098B423C
:10B1C00001D3CB01C01A524183098B4201D38B01B9
:10B1D000C01A524143098B4201D34B01C01A52415C
:10B1E00003098B4201D30B01C01A5241C3088B42A1
:10B1F00001D3CB00C01A524183088B4201D38B008C
:10B20000C01A524143088B4201D34B00C01A52412D
:10B21000411A00D201465241104670475DE0CA0F04
:10B2200000D04942031000D34042534000229C46C4
:10B2300003098B422DD3030A8B4212D3FC228901CE
:10B2400012BA030A8B420CD3890192118B4208D3A4
:10B25000890192118B4204D389013AD0921100E006
:10B260008909C3098B4201D3CB01C01A524183091A
:10B270008B4201D38B01C01A524143098B4201D347
:10B280004B01C01A524103098B4201D30B01C01A72
:10B290005241C3088B4201D3CB00C01A52418308EC
:10B2A0008B4201D38B00C01A5241D9D243088B4242
:10B2B00001D34B00C01A5241411A00D201466346E5
:10B2C00052415B10104601D34042002B00D5494249
:10B2D000704763465B1000D3404201B5002000F088
:10B2E00005F802BD0029F8D016E770477047C04640
:10B2F0001C2101231B04984201D3000C10391B0AA6
:10B30000984201D3000A08391B09984201D3000969
:10B31000043902A2105C40187047C04604030202C0
:10B32000010101010000000000000000414208404E
:10B330001C2101231B04984201D3000C10391B0A65
:10B34000984201D3000A08391B09984201D3000929
:10B35000043902A2105C401A7047C0461B1C1D1D18
:10B360001E1E1E1E1F1F1F1F1F1F1F1F002B11D160
:10B37000002A0FD1002900D1002802D00021C943A2
:10B38000081C07B4024802A14018029003BDC04641
:10B390005DFFFFFF03B4684601B5029800F030F886
:10B3A000019B9E4602B00CBC7047C046F0B5CE462D
:10B3B000474615042D0C2E0080B50704140C3F0CD5
:10B3C0009946030C7E435D43674363437F19340C06
:10B3D000E4199C46A54203D980235B029846C444E5
:10B3E0004B46514343433604360C250C2404654434
:10B3F000A4195918491920000CBC90469946F0BD73
:10B40000F0B557464E464546DE46E0B5040083B0EB
:10B410000D00924699468B422FD82CD04946504673
:10B4200000F0AEF829000600200000F0A9F8331A59
:10B430009846203B9B4600D574E053465A469340BD
:10B440001F005346424693401E00AF4229D826D0E3
:10B450005B46A41BBD41002B00DA79E000220023EB
:10B460000092019301235A469340019301234246DF
:10B470009340009319E08242D0D900220023009229
:10B4800001930C9B002B01D01C605D60009801991A
:10B4900003B03CBC90469946A246AB46F0BDA342E1
:10B4A000D6D900220023009201934346002BE8D016
:10B4B000FB0772081A4346467B080EE0AB4201D1F7
:10B4C000A2420CD8A41A9D41012024196D410021EB
:10B4D000013E24184D41002E06D0AB42EED9013E6C
:10B4E00024196D41002EF8D15B460098019900198E
:10B4F0006941002B22DB2B005A46D3402A004446E8
:10B50000E2401C005B461500002B2CDB26009E4011
:10B51000330026004746BE403200801A9941009011
:10B520000191AEE7424620239B1A5246DA4041463B
:10B5300013004A468A4017001F4382E742462023F1
:10B540009B1A2A0046469A402300F3401343D5E74E
:10B550004246202300219B1A0022009101920122E1
:10B56000DA40019282E74246202326009B1ADE4001
:10B570002F00B446974066463B003343C9E7C046B8
:10B5800010B5002903D1FFF7B3FE203002E0081CFC
:10B59000FFF7AEFE10BDC04670B500260C4D0D4C39
:10B5A000641BA410A64209D1002600F0BBF90A4D85
:10B5B0000A4C641BA410A64205D170BDB300EB5821
:10B5C00098470136EEE7B300EB5898470136F2E7AB
:10B5D00030B9000030B9000030B9000034B90000C3
:10B5E000002310B59A4200D110BDCC5CC454013385
:10B5F000F8E703008218934200D1704719700133B5
:10B60000F9E700000A00000064000000E803000001
:10B6100010270000000000000000000000000000F3
:10B62000000000000A0000000C0000000D000000F7
:10B630000F00000014000000190000001E000000B0
:10B6400023000000280000002D0000003200000050
:10B65000370000003C0000004600000050000000E1
:10B66000000000000A0000000C0000000D000000B7
:10B670000F000000140000001A0000001E0000006F
:10B6800023000000280000002D000000340000000E
:10B69000370000003C0000004600000050000000A1
:10B6A0002257617665526563204D656D6F72792210
:10B6B00000000000E11500003916000085160000AA
:10B6C000D1160000011700004D180000BD19000040
:10B6D000A0B60000782C0000AA2C0000AA2C0000C4
:10B6E0005C2C0000AA2C0000AA2C0000AA2C000050
:10B6F000AA2C0000AA2C0000AA2C0000AA2C0000F2
:10B70000AA2C0000AA2C0000AA2C0000AA2C0000E1
:10B71000AA2C0000AA2C0000AA2C0000622C000019
:10B72000AA2C0000AA2C0000AA2C0000AA2C0000C1
:10B73000AA2C0000AA2C0000AA2C0000682C0000F3
:10B74000842C0000AA2C0000AA2C00008A2C0000E7
:10B75000AA2C0000AA2C0000AA2C0000AA2C000091
:10B76000AA2C0000AA2C00007E2C0000AA2C0000AD
:10B77000AA2C00009A2C0000AA2C0000A22C000089
:10B78000AA2C0000AA2C0000AA2C0000AA2C000061
:10B79000902C0000AA2C0000AA2C0000AA2C00006B
:10B7A000AA2C0000AA2C0000AA2C0000AA2C000041
:10B7B000AA2C0000AA2C0000AA2C0000AA2C000031
:10B7C000AA2C0000AA2C0000AA2C0000AA2C000021
:10B7D000AA2C0000AA2C0000AA2C0000AA2C000011
:10B7E000AA2C0000AA2C0000AA2C0000AA2C000001
:10B7F000AA2C0000AA2C0000AA2C0000AA2C0000F1
:10B80000AA2C0000AA2C0000AA2C0000AA2C0000E0
:10B81000AA2C0000AA2C0000AA2C0000AA2C0000D0
:10B82000AA2C0000AA2C0000AA2C0000AA2C0000C0
:10B83000AA2C0000AA2C0000AA2C0000702C0000EA
:10B8400034320000BA410000A2410000BA410000B9
:10B85000AA410000BA4100009A410000BA4100002C
:10B86000BA410000BA410000B241000000030201E9
:10B8700004000800700080000100000100020000C8
:10B88000030C106092660000A866000014680000B7
:10B89000E2680000B069000000080042000C0042AD
:10B8A000001000420014004200180042001C004238
:10B8B000090A0B0C0D0E0000069E0000809E000081
:10B8C000809E0000249E00001E9E00002A9E000014
:10B8D0000C9E0000309E0000669E00004CA10000FF
:10B8E0009CA100009CA1000098A100003EA10000C6
:10B8F0005EA100002EA1000070A1000082A1000046
:10B90000EAA1000018A2000018A2000014A2000082
:10B91000E4A10000F0A10000DEA10000F6A10000FB
:10B92000FCA10000F8B5C046F8BC08BC9E467047B4
:10B93000DD000000F8B5C046F8BC08BC9E46704764
:04B94000B50000004E
:08B94400BCFAFF7F01000000C6
:10B94C00BFF35F8F01380028FAD170470200000066
:10B95C001201000200000040EB030324000101026D
:10B96C000301000009024000020100C06409040048
:10B97C00000208065000070581024000000705027E
:10B98C00024000000904010002030000000921111B
:10B99C000100012235000705830308000407050494
:10B9AC0003080004D80000208000002024000020A0
:10B9BC0064000020100000206C000020000000003B
:10B9CC00E11C00002D1D0000411D00006D1D00003C
:10B9DC000000000006FFFF0901A10109020903157F
:10B9EC000026FF0075089540810209040905150021
:10B9FC0026FF0075089540910209060907150026D7
:10BA0C00FF0075089508B102C0000000C8020020B4
:10BA1C000008004204030020692900001D2A0000D0
:10BA2C004D2A0000112B000000000000555342531A
:10BA3C0000000000000000000001010000000302F3
:10BA4C001F00000049425353204C474100000000A6
:10BA5C00000000000000000000000000312E30301B
:10BA6C0004030904494253535F4C47410000000052
:10BA7C00576176655265630000030000000000000A
:10BA8C0000000000000000000000000009010000A0
:040000030000ABE16D
:00000001FF
