S00E00005741565265632E737265630E
S1130000F82C0020E1AB000069030000D9AC00002B
S113001000000000000000000000000000000000DC
S1130020000000000000000000000000D9AC000047
S11300300000000000000000D9AC0000D9AC0000B2
S1130040D9AC0000D9AC0000D9AC00000D7A000096
S1130050B9020000D9AC0000D9AC0000A5750000BD
S1130060D9AC0000C58D0000DD8D0000F58D0000C9
S11300700D8E0000258E00003D8E0000D9AC0000DE
S1130080D9AC0000D9AC0000D9AC0000D9AC000058
S1130090D9AC00000000000000000000D9AC000052
S11300A0D9AC0000D9AC0000D9AC0000D9AC000038
S11300B00000000010B5064C2378002B07D1054B37
S11300C0002B02D0044800E000BF0123237010BDC0
S11300D050010020000000004CB90000084B10B58E
S11300E0002B03D00749084800E000BF0748036815
S11300F0002B00D110BD064B002BFBD09847F9E72D
S113010000000000540100204CB900004CB900006C
S113011000000000B0B586B000AF05000C00100070
S11301201900FB1D2A1C1A70BB1D221C1A707B1D92
S1130130021C1A703B1D0A1C1A701723FB18FA1DA7
S1130140127852091A701623FB18FA1D12781F210F
S11301500A401A701623FB181B7801229A401300D8
S11301603B613B1D1A78BB6A1A43FB6A1A433B6B1B
S11301701A437B6B1343FB60294A1723FB181B7834
S1130180DB01D31804333A691A603B691B041B0C66
S11301900ED023481723FB181B783969FA680A43E1
S11301A0A021C9050A43DB01C31828331A600EE0F5
S11301B01B481723FB181B783A69110CFA680A4389
S11301C0D02109060A43DB01C31828331A607B1DBA
S11301D01B78002B09D0124A1723FB181B78DB016C
S11301E0D31818333A691A6008E00D4A1723FB182C
S11301F01B78DB01D31814333A691A60BB1D1B78D2
S1130200002B08D0064A1723FB181B78DB01D318F0
S113021008333A691A60C046BD4606B0B0BDC04650
S11302200044004180B584B000AF0200FB1D1A7089
S11302300F23FB18FA1D127852091A70FB1D1B7844
S11302401F22134001229A401300BB60BB681B04A9
S11302501B0C0CD017480F23FB181B78BA68A0217D
S1130260C9050A43DB01C31828331A600CE011489E
S11302700F23FB181B78BA68120CD02109060A4315
S1130280DB01C31828331A600A4A0F23FB181B78B2
S1130290DB01D3180433BA681A60064A0F23FB182B
S11302A01B78DB01D3181433BA681A60C046BD4604
S11302B004B080BD0044004180B582B000AF274A3D
S11302C0274B1B68DB431B041B0C1361FB1D012222
S11302D01A7033E0FB1D1A78224913009B009B1807
S11302E09B00CB1808331A6880235B029A4225D0FE
S11302F01A4B1969FB1D1A781A4813009B009B18A6
S11303009B00C31808331B680B4017D0FB1D1A78D9
S1130310144913009B009B189B00CB1810331B68D7
S113032098470E4AFB1D19780E480B009B005B187A
S11303309B00C31808331B681361C046074B1B6935
S1130340002B06D0FB1D1B78FA1D591E1170002BC3
S1130350C0D1C046BD4602B080BDC04600180040B2
S1130360800100206C01002080B500AF094AD378D9
S113037001210B43D370084B1B781900074A0B006B
S11303809B005B189B00D31810331B689847C0462A
S1130390BD4680BD001800400C0000206C01002008
S11303A080B582B000AF78607B6818687B68596854
S11303B07B689B681A00034B9847C046BD4602B051
S11303C080BDC0462984000080B582B000AF78604B
S11303D0C0467B681B681B68DB69002BF9D17B680E
S11303E01B681B687A6812681268126802210A4343
S11303F01A60C046BD4602B080BD80B582B000AF71
S113040078600A00FB1C1A707B681B681B68FA1C66
S113041012789A62C0467B681B681B681B7EDBB23D
S11304201A0004231340F6D07B681B681B689B6A80
S1130430DBB21800BD4602B080BD90B587B000AFF6
S1130440F8600C00100019000A23FB18221C1A8003
S11304500823FB18021C1A80FB1D0A1C1A700A23AD
S1130460FB181A880823FB181B88D31A0733002BA0
S113047000DA0733DB10013BFA68D3181B78190044
S11304800823FB181B880722134019410B007B61CA
S11304900823FB181B8807221A40FB1D1B78D3185E
S11304A0082B1CDD0A23FB181A880823FB181B8859
S11304B0D31A0733002B00DA0733DB10023BFA6848
S11304C0D3181B7819000823FB181B880722134034
S11304D00822D31A99400B007A6913437B610823DD
S11304E0FB181B8807221A40FB1D1B78D318102BFE
S11304F01CDD0A23FB181A880823FB181B88D31A4F
S11305000733002B00DA0733DB10033BFA68D318F8
S11305101B7819000823FB181B880722134010229C
S1130520D31A99400B007A6913437B610823FB18A3
S11305301B8807221A40FB1D1B78D318102B1CDDC7
S11305400A23FB181A880823FB181B88D31A0733BD
S1130550002B00DA0733DB10033BFA68D3181B784F
S113056019000823FB181B88072213401022D31AF2
S113057099400B007A6913437B61FB1D1B780122B0
S11305809A4013005A1E7B6913407B617B691800F3
S1130590BD4607B090BD000080B582B000AF234BCC
S11305A07B60234B00211800224B984703001A005C
S11305B001235340DBB2002B01D0002331E01E4B5A
S11305C0984703003B603B680122134006D07B68D8
S11305D05A1E7A60002BE4D1002322E0C046174B58
S11305E000211800134B984703001A0001235340BD
S11305F0DBB2002B01D0002313E00F4B984702001D
S1130600C023DB051A408023DB059A4208D10C4B3A
S11306101A680B4B1B68DB7A08210B43DBB2D372DD
S113062001231800BD4602B080BDC046EE1B000089
S1130630011100002D9600006D9800003A0500009D
S1130640A801002080B586B000AF0200FB1D1A701F
S11306502E4B3B612E4B002118002E4B9847030074
S11306601A0001235340DBB2002B01D0002348E0E1
S113067000237B61FB1D1B78002B04D07B69802247
S1130680D20513437B617B69234A19001000214B77
S1130690984703001A0001235340DBB2002B01D01A
S11306A000232EE01D4B98470300FB60FB680122EA
S11306B0134006D03B695A1E3A61002BCAD100236D
S11306C01FE0C046164B00211800124B9847030048
S11306D01A0001235340DBB2002B01D0002310E0A9
S11306E00E4B984702008023DB05134008D00D4BC6
S11306F01A680C4B1B68DB7A08210B43DBB2D372FC
S113070001231800BD4606B080BDC046EE1B0000A4
S1130710371100002D960000291100006D9800008B
S11307203A050000A801002080B500AF012318009D
S1130730BD4680BD80B584B000AF78607B68002280
S11307401A70D5235B00144A19001000134B984704
S113075003001A0001235340DBB2002B01D0012314
S113076015E00F4B98470300FB60FB68013301D190
S113077001230CE0FB681B051A0DD5235B009A428C
S113078001D0002303E07B6801221A7001231800C2
S1130790BD4604B080BDC046085500002D9600003B
S11307A06D98000090B589B002AF786080239A00FC
S11307B041480023009301230021404CA04703003B
S11307C01A0001235340DBB2002B01D000236EE05A
S11307D01623FB1800221A8014E01023FB181800BB
S11307E0374B984703001A0001235340DBB2002B18
S11307F001D000235BE01623FB181A881623FB188C
S113080001321A801623FB181B88312BE5D93B696A
S1130810DBB202221340DAB27B681A70294B1B68E0
S11308200E3318000C233E228021274CA0470200DF
S1130830264B9A4235D114E00C23FB181800204BA8
S1130840984703001A0001235340DBB2002B01D068
S113085000232CE01623FB181A881623FB180132F8
S11308601A801623FB181B88352BE5D9154B1B68FA
S1130870FA6852085A6014E00C23FB181800104B55
S1130880984703001A0001235340DBB2002B01D028
S113089000230CE01623FB181A881623FB180132D8
S11308A01A801623FB181B887F2BE5D90123180017
S11308B0BD4607B090BDC04608110800559600001B
S11308C081980000A80100203B040000FF0F0000F5
S11308D090B583B002AF154B1B681B8919041448EB
S11308E00123009301231022124CA04703001A0095
S11308F001235340DBB2002B01D0002312E00B4B49
S11309001B680E33012118000B4B984703001A0093
S113091001235340DBB2002B01D0002302E0074B3C
S1130920984703001800BD4601B090BDA8010020FF
S1130930091108005596000025990000C999000086
S1130940B0B584B000AF454B1B680E3318000423C8
S11309507A228021424CA0470300022B11D002D8F6
S1130960012B09D003E0032B10D0042B13D03B4BF5
S11309701B6812221A7313E0384B1B6814221A7373
S11309800EE0364B1B6822221A7309E0334B1B68B6
S113099030221A7304E0314B1B6840221A73C0469C
S11309A02E4B1B680E3318000823602280212C4C28
S11309B0A0470300FB60FB6807221A40294B920002
S11309C0D358BB60FB68DB080F221A40264B920009
S11309D0D3587B60214B1B68BA6879684A43FA2173
S11309E089004A431A601D4B1B680E3318000C2300
S11309F03E2280211A4CA04702001C4B9A4228D068
S1130A00164B1B680E3318000C233E228021144C15
S1130A10A04703005C1C114B1B680E331800032312
S1130A202F2280210E4DA847030002339C4023004F
S1130A303B600A4B1C68094B1B680E3318000423E7
S1130A4050228021064DA84702003B6893409B0A30
S1130A506360C046BD4604B0B0BDC046A8010020D6
S1130A603B04000004B6000060B60000FF0F000065
S1130A70B0B584B000AF354B1B680E3318000823A3
S1130A8060228021324CA0470300FB60FB680722F0
S1130A901A40304B9200D358BB60FB68DB080F222E
S1130AA01A402D4B9200D3587B60284B1B68BA68C0
S1130AB079684A43FA2189004A431A60234B1B6828
S1130AC00E33180002237E228021214CA047031EEE
S1130AD00FD01E4B1C681D4B1B680E3318001623C9
S1130AE0302280211A4DA847030001335B02636062
S1130AF028E0164B1B680E3318000C233E2280217D
S1130B00134CA04703005C1C104B1B680E331800E9
S1130B1003232F2280210E4DA847030002339C405B
S1130B2023003B60094B1C68084B1B680E331800FC
S1130B30042350228021064DA84702003B689340BD
S1130B409B0A6360C046BD4604B0B0BDA801002046
S1130B503B04000004B6000020B6000080B582B05B
S1130B6000AF114B7B60114B00211800104B9847CC
S1130B7003001A0001235340DBB2002B01D00023F1
S1130B800EE00C4B98470200FF23134006D07B680D
S1130B905A1E7A60002BE6D1002301E0C0460123EF
S1130BA01800BD4602B080BD400D03000D1B0000BF
S1130BB02D9600006D98000090B585B002AF384BBB
S1130BC01B681B891B04374A19001000364B9847D1
S1130BD003001A0001235340DBB2002B01D0002391
S1130BE059E0324801230093012308220021304CAC
S1130BF0A04703001A0001235340DBB2002B01D0AD
S1130C00002348E03B00012118002A4B98470300C9
S1130C101A0001235340DBB2002B01D000233AE039
S1130C20254B984703001A0001235340DBB2002BE5
S1130C3001D000232FE038000423382240211F4C28
S1130C40A0470300012B08D002D3022B0AD01CE0DA
S1130C50134B1B6810221A731CE0114B1B681A22D9
S1130C601A7317E0380001232F224021134CA047A8
S1130C700300012B04D10A4B1B6830221A7309E0CC
S1130C80074B1B6820221A7304E0054B1B681022D3
S1130C901A73C04601231800BD4603B090BDC04678
S1130CA0A8010020371100002D9600003311080020
S1130CB05596000025990000C99900003B040000E6
S1130CC080B582B000AF0200FB1D1A70FB1D1B78BB
S1130CD0002B01D0042347E0FB1D1B78244A5B0151
S1130CE0D3180A331B78042B08D0FB1D1B78204A29
S1130CF05B01D3180A331B78032B1DD1FB1D1B7812
S1130D001B4A5B01D3180A3302221A70FB1D1A789E
S1130D10174B52011749D150FB1D1B78144A5B0134
S1130D20D3180D3301221A70FB1D1B78104A5B0186
S1130D30D3181E3300221A700F4BFA1D12781A7042
S1130D40FB1D1B785A010A4BD2180C4B1A600C4B32
S1130D509847FB1D1B78064A5B01D3180A331B789E
S1130D60023B5A425341DBB21800BD4602B080BD7B
S1130D7084010020801A0600A4010020A80100209C
S1130D80850D0000B0B500AF094B1878094B1B68FE
S1130D901968084B1B685A7B064B1B689B7F5C1EBB
S1130DA0A341DBB2044CA047C046BD46B0BDC0461B
S1130DB0A4010020A80100201595000080B500AF13
S1130DC0054B1B78002B04D1034B1B781800034BF5
S1130DD09847C046BD4680BDA40100209D950000F3
S1130DE080B582B000AFFB1D00221A70594B1B68FE
S1130DF00122DA72574B1B6800221A73554B1B6889
S1130E0000221A81544B984788235B010021180063
S1130E10524B984703001A0001235340DBB2002BC6
S1130E2001D0002392E0FB1D18004D4B98470300AE
S1130E301A0001235340DBB2002B01D0002385E0CC
S1130E40484B984703001A0001235340DBB2002BA0
S1130E5001D000237AE03F4B1B68DB7A1A000123A0
S1130E60134021D0FB1D1B7818003F4B984703000B
S1130E701A0001235340DBB2002B07D0354B1B680B
S1130E800222DA72394B984703005FE0384B0021A5
S1130E901800324B984703001A0001235340DBB279
S1130EA0002B01D0002351E02A4B1B68DB7A1A0087
S1130EB00123134017D02F4B984703001A00012336
S1130EC05340DBB2002B01D000233FE02A4B98476C
S1130ED02A4B984703001A0001235340DBB2002B2E
S1130EE001D0002332E01B4B1B68DB7A1A0001237C
S1130EF0134016D0174B1B68DB7A1A0008231340E3
S1130F000FD180239B001E4A19001000134B9847F1
S1130F1003001A0001235340DBB2002B01D000234D
S1130F2014E00C4B1B68DB7A1A00012313400AD02F
S1130F30144B984703001A0001235340DBB2002BE3
S1130F4001D0002302E0104B984701231800BD464E
S1130F5002B080BDA8010020E19500002D9600009C
S1130F603507000029070000450600008D0F00002A
S1130F703B110000D1080000710A0000B90B000009
S1130F80101100005D0B0000850D000080B582B0DB
S1130F9000AF88235B0100211800324B98470300FF
S1130FA01A0001235340DBB2002B01D0002355E08B
S1130FB02D4B984703001A0001235340DBB2002B4A
S1130FC001D000234AE0294B00211800254B984703
S1130FD003001A0001235340DBB2002B01D000238D
S1130FE03CE0234B984703001A0001235340DBB233
S1130FF0002B01D0002331E01E4B98471E4B1B6889
S11310001B7B3F2B0CD9FB1D18001C4B984703007E
S11310101A0001235340DBB2002B01D000231DE052
S113102080239B00164A190010000E4B98470300BA
S11310301A0001235340DBB2002B01D000230DE042
S1131040104B984703001A0001235340DBB2002BD6
S113105001D0002302E00C4B984701231800BD4641
S113106002B080BD2D960000990500003B110000E0
S1131070D108000041090000A8010020A5070000D4
S1131080101100005D0B0000850D000080B582B0DA
S113109000AFFB1D00221A700CE0FB1D1B780C4AEC
S11310A05B01D3180A3304221A70FB1D1A78FB1D46
S11310B001321A70FB1D1B78002BEED0054BFF226A
S11310C01A70054B9847C046BD4602B080BDC04665
S11310D084010020A40100205D94000090B585B037
S11310E000AF0200FB1D1A700F23FC18FB1D1B78B8
S11310F01800134B9847030023700F23FB181B7829
S1131100012B05D00F4B98470F23FB181B7812E0D7
S11311100D4B9847031E07D00C4B1B6800229A7294
S1131120084B9847012306E0084B1B6803229A7278
S1131130044B984703231800BD4605B090BDC04634
S1131140C10C0000BD0D0000E10D0000A80100204D
S113115080B582B000AF0200FB1D1A70FB1D1B7826
S11311601800074B9847031E01D0002304E0054BE9
S11311709847054B1B68DB7A1800BD4602B080BD5A
S1131180C10C0000BD0D0000A801002080B582B094
S113119000AF0200FB1D1A70FB1D1B781800074BE3
S11311A09847031E01D0002304E0054B9847054BE4
S11311B01B685B681800BD4602B080BDC10C00000E
S11311C0BD0D0000A801002080B582B000AF020070
S11311D0FB1D1A7000231800BD4602B080BD00003C
S11311E090B589B002AF39601100FB1D021C1A7062
S11311F03B1D0A1C1A800F23FC18FB1D1B781800CA
S1131200294B9847030023700F23FB181B78002BEE
S113121003D00F23FB181B7841E0244B98470300AD
S11312201A0001235340DBB2002B03D0204B984714
S1131230052334E03B1D1B88012B02D91D4B7B6128
S113124001E01D4B7B611D4B1B68DB7A1A000823F0
S1131250134002D03B683B6102E03B685B023B61A8
S11312603B1D1C8880239A00396978690123009307
S11312702300134CA04703001A0001235340DBB2A0
S1131280002B03D00A4B9847052308E00D4B3A1D69
S113129012881A800C4B3A1D12881A8000231800F9
S11312A0BD4607B090BDC046C10C00005D0B0000F8
S11312B0BD0D00001211100011110800A80100203A
S11312C055960000AE010020AC01002080B582B02C
S11312D000AF78600A00BB1C1A80BB1C1A887B68AC
S11312E0110018000D4B984703001A0001235340C6
S11312F0DBB2002B04D00A4B00221A80052308E03D
S1131300074B1A88BB1C1B88D31A9AB2044B1A8049
S113131000231800BD4602B080BDC04625990000D8
S1131320AE01002080B582B000AF0200FB1D1A7030
S11313301C4B984703001A0001235340DBB2002BD7
S113134001D0052329E0FB1D1B78002B03D0164B8D
S113135000221A8005E0144B1B88002B01D00023C7
S11313601BE0124B1B88012B03D1114B9847002320
S113137013E0104B002118000F4B984703001A008C
S113138001235340DBB2002B04D00A4B0021180088
S1131390094B9847064B984700231800BD4602B0F6
S11313A080BDC046C9990000AE010020AC010020F8
S11313B0BD0D00000C3100002D96000090B589B0E1
S11313C002AF39601100FB1D021C1A703B1D0A1C80
S11313D01A800F23FC18FB1D1B781800284B984714
S11313E0030023700F23FB181B78002B03D00F235B
S11313F0FB181B783FE0FB1D1B781800214B984716
S1131400031E03D0204B9847072334E03B1D1B8861
S1131410012B02D91D4B7B6101E01D4B7B611D4BF0
S11314201B68DB7A1A000823134002D03B683B6137
S113143002E03B685B023B613B1D1C8880239A00F1
S113144039697869012300932300134CA0470300F2
S11314501A0001235340DBB2002B03D00A4B9847F8
S1131460052308E00D4B3A1D12881A800C4B3A1DD7
S113147012881A8000231800BD4607B090BDC046EC
S1131480C10C0000C9110000BD0D0000199110002D
S113149018910800A801002055960000AE01002014
S11314A0AC01002080B582B000AF78600A00BB1C9C
S11314B01A80BB1C1A887B68110018000D4B9847D2
S11314C003001A0001235340DBB2002B04D00A4B63
S11314D000221A80052308E0074B1A88BB1C1B88CE
S11314E0D31A9AB2044B1A8000231800BD4602B0E6
S11314F080BDC046D5990000AE01002080B582B001
S113150000AF0200FB1D1A70134B984703001A002A
S113151001235340DBB2002B01D0052318E0FB1D4F
S11315201B78002B03D00D4B00221A8005E00B4BD7
S11315301B88002B01D000230AE0094B1B88012BD8
S113154003D1084B9847002302E0064B9847002339
S11315501800BD4602B080BD959A0000AE0100207F
S1131560AC010020BD0D000080B582B000AF0200C8
S1131570FB1D1A70FB1D1B781800164B98470300BF
S1131580012B19D0022B19D0002B1ED1FB1D1B7867
S1131590114AD35C002B01D0022317E0FB1D1B78FA
S11315A018000E4B984703001A000323134001D080
S11315B000230BE0022309E0032307E0FB1D1B7853
S11315C0054A0021D154022300E001231800BD463E
S11315D002B080BDDD100000B001002051110000F8
S11315E080B500AF0020034B984703001800BD46A8
S11315F080BDC0466915000080B582B000AF02000E
S11316003960FB1D1A70FB1D1B781800084B9847A6
S113161003005B005A1E3B681A60FB1D1B78180010
S1131620044B984703001800BD4602B080BDC04675
S11316308D1100006915000080B582B000AF78609C
S11316407B6819000020034B984703001800BD462F
S113165002B080BDF915000080B582B000AF020071
S1131660FB1D1A70BB1D0A1C1A70FB1D1B78044A53
S1131670B91D0978D15401231800BD4602B080BDBC
S1131680B001002080B582B000AF0200FB1D1A70CB
S1131690FB1D1B7819000020034B9847030018001A
S11316A0BD4602B080BDC0465916000080B582B068
S11316B000AF0200FB1D1A70FB1D1B781800034BC2
S11316C0984703001800BD4602B080BDC911000050
S11316D080B500AF0020034B984703001800BD46B7
S11316E080BDC046AD16000080B582B000AF0200D8
S11316F0FB1D1A7000231800BD4602B080BD000017
S113170080B500AF0020034B984703001800BD4686
S113171080BDC046E916000090B585B000AF3960C1
S11317201100FB1D021C1A703B1D0A1C1A800F239A
S1131730FB1801221A703B1D1A883968FB1D1B789F
S113174018003C4B9847031E05D0022B01D10223FD
S11317506CE001236AE0C0460C23FB183A1D128892
S113176001321A8058E00C23FB181B88002B12D07E
S11317700C23FB181B88012213409BB2002B01D1C0
S11317802D4B00E02D4B012118002D4B9847031ED3
S113179001D001234AE00F23FB181B780122534098
S11317A0DBB2002B24D00C23FB181B88012213402E
S11317B09BB2002B01D1214900E01F4980239A00EC
S11317C0002301201F4CA04703001A0001235340AB
S11317D0DBB2002B10D00F23FB181B7801225340DF
S11317E0DBB2002B02D00120174B984701231DE0E8
S11317F00F23FB1800221A700C23FB181B88002BE4
S113180006D00020104B9847031E01D001230DE0A1
S11318100F23FB1800221A700C23FB181B880C22C0
S1131820BA18591E1180002B9DD100231800BD4603
S113183005B090BDE1110000080700200805002054
S1131840CD120000CD3600002513000080B582B013
S113185000AF78600A00BB1C1A80BB1C1A887B6826
S113186019000020034B984703001800BD4602B03E
S113187080BDC0461917000090B585B000AF39602F
S11318801100FB1D021C1A703B1D0A1C1A800F2339
S1131890FB1801221A703B1D1A883968FB1D1B783E
S11318A01800404B9847031E05D0022B01D1022398
S11318B073E0012371E0C0460C23FB183A1D128823
S11318C001321A805FE00F23FB181B78012253407A
S11318D0DBB2002B12D00C23FB181B88012213400F
S11318E09BB2002B01D1304B00E0304B012118009A
S11318F02F4B9847031E01D001234EE00C23FB1805
S11319001B88002B24D00C23FB181B8801221340B6
S11319109BB2002B01D1254900E0234980239A0082
S113192000230020234CA04703001A000123534046
S1131930DBB2002B0CD00F23FB181B780122534081
S1131940DBB2002B02D001201B4B9847012324E07B
S11319500F23FB181B7801225340DBB2002B0ED05F
S11319600020154B9847030019000F23FB180F2282
S1131970BA1812781A70002905D001230DE00F233C
S1131980FB1800221A700C23FB181B880C22BA18AF
S1131990591E1180002B96D100231800BD4605B0B6
S11319A090BDC046BD1300000807002008050020B4
S11319B0A5140000CD360000FD14000080B582B0EF
S11319C000AF78600A00BB1C1A80BB1C1A887B68B5
S11319D019000020034B984703001800BD4602B0CD
S11319E080BDC0467918000080B500AF01231800FF
S11319F0BD4680BD80B584B000AF0200FB1D1A70E7
S1131A00FB1D1B78002B08D1FB1D1A78084B5201D3
S1131A10D358984703001A0000E001220F23FB1853
S1131A201A700F23FB181B781800BD4604B080BD44
S1131A30B4B6000080B584B000AF02003960FB1D6D
S1131A401A70FB1D1B78002B0CD1FB1D1B780B4A55
S1131A505B01D31804331B683A68100098470300ED
S1131A601A0000E001220F23FB181A700F23FB1841
S1131A701B781800BD4604B080BDC046B4B6000053
S1131A8080B584B000AF0200FB1D1A70BB1D0A1C98
S1131A901A70FB1D1B78002B25D1FB1D1B78174AE0
S1131AA05B01D31808331B68002B0FD0FB1D1B7878
S1131AB0124A5B01D31808331B68BA1D1278100050
S1131AC0984703005A1E9341DBB20DE0BB1D1B78FF
S1131AD05A1E9341DBB201225340DBB21A1C01238C
S1131AE01340DBB200E000230F22BA1813700F2357
S1131AF0FB181B781800BD4604B080BDB4B60000C6
S1131B0080B584B000AF0200FB1D1A70FB1D1B786A
S1131B10002B09D1FB1D1B780A4A5B01D3180C3337
S1131B201B689847031E01D0012200E000220F2306
S1131B30FB181A700F23FB181B781800BD4604B05D
S1131B4080BDC046B4B6000080B584B000AF0200CA
S1131B50FB1D1A70FB1D1B78002B09D1FB1D1B7884
S1131B600A4A5B01D31810331B689847031E01D03F
S1131B70012200E000220F23FB181A700F23FB1828
S1131B801B781800BD4604B080BDC046B4B6000042
S1131B9080B582B000AF0200FB1D1A70FB1D1B78DC
S1131BA0002B01D1034B00E000231800BD4602B016
S1131BB080BDC046A0B6000080B584B000AF3960D7
S1131BC01100FB1D021C1A703B1D0A1C1A80FB1D10
S1131BD01B78002B0ED1FB1D1B780C4A5B01D3181C
S1131BE014331B683A1D11883A68100098470300A3
S1131BF01A0000E001220F23FB181A700F23FB18B0
S1131C001B781800BD4604B080BDC046B4B60000C1
S1131C1080B584B000AF39601100FB1D021C1A703E
S1131C203B1D0A1C1A80FB1D1B78002B0ED1FB1DCB
S1131C301B780C4A5B01D31818331B683A1D1188B2
S1131C403A681000984703001A0000E001220F23AD
S1131C50FB181A700F23FB181B781800BD4604B03C
S1131C6080BDC046B4B6000080B582B000AFEFF3CB
S1131C7010837B607B685A425341DBB23B6072B68F
S1131C80BFF35F8F034B00221A703B681800BD46F8
S1131C9002B080BD4D01002080B582B000AF7860F5
S1131CA07B685A1E9341DBB21800BD4602B080BD6A
S1131CB080B582B000AF78607B681800064B984707
S1131CC0031E05D0054B01221A70BFF35F8F62B665
S1131CD0C046BD4602B080BD991C00004D010020E5
S1131CE080B500AF0C4B00221A700C4B00221A7006
S1131CF00B4B01221A700B4B984703001A00012367
S1131D005340DBB2002B01D0002302E0064B98477E
S1131D1003001800BD4680BDB4010020B8010020B6
S1131D20B9010020E91E0000DD20000080B500AFED
S1131D30024B9847C046BD4680BDC046F520000012
S1131D40B0B500AF044B054A05490648064CA04708
S1131D5003001800BD46B0BD791D000094000020AA
S1131D60B8010020B4010020D527000080B500AFE1
S1131D7000231800BD4680BD80B500AF0F4B5B88C3
S1131D801B0A9BB2032B15D10C4B5B88FF2213401B
S1131D909BB2002B0ED1094BDB88082B0AD1074BD1
S1131DA0074A9A60054B074A1A61044B08229A8134
S1131DB0012300E000231800BD4680BD740B002001
S1131DC03C020020791E000090B587B002AF786015
S1131DD0214B1B7801225340DBB2002B01D000239E
S1131DE036E01E4B98470300FB601D4B4022002148
S1131DF018001C4B98471A4A7B68100019004023AE
S1131E001A00194B9847164A184B00934023002197
S1131E108320174CA04703005A1E9341DBB20122D2
S1131E205340DBB21A1C01231340DAB20A4B1A7076
S1131E30FB6818000F4B9847074B1B785A1E9341B9
S1131E40DBB201225340DBB21A1C01231340DBB284
S1131E501800BD4605B090BDB9010020691C000002
S1131E60BC010020F3B50000E1B50000151F00001F
S1131E70C94E0000B11C000080B500AF054B9B8922
S1131E80082B04D1044B1800044B984700E0C046CB
S1131E90BD4680BD740B00203C020020E91F0000F9
S1131EA080B582B000AF39601100FB1D021C1A70AE
S1131EB0BB1D0A1C1A70FB1D1B78002B09D13B6843
S1131EC0402B03D1054B1800054B9847054B984709
S1131ED000E0C046BD4602B080BDC046FC01002003
S1131EE0F91F0000E91E000090B583B002AF064A56
S1131EF0064B0093402300210420054CA047030017
S1131F001800BD4601B090BDFC010020A11E0000D8
S1131F10C94E000080B582B000AF39601100FB1DCE
S1131F20021C1A70BB1D0A1C1A70034B01221A7082
S1131F30C046BD4602B080BDB901002080B582B064
S1131F4000AF02003960FB1D1A70FB1D1B78012BCA
S1131F500AD0022B0FD0002B14D10E4B0D4A9169DD
S1131F603A680A439A610FE00A4B0A4AD1693A680F
S1131F700A43DA6108E0074B064A116A3A680A43E1
S1131F801A6201E0172300E000231800BD4602B0E6
S1131F9080BDC0460004004080B500AF022102208D
S1131FA0074B9847074B01221A70C046054B1B7814
S1131FB0DBB21A0001231340F8D1C046BD4680BDF0
S1131FC03D1F00000004004280B500AFBFF34F8FF7
S1131FD0034B044ADA60BFF34F8FC046FDE7C046A7
S1131FE000ED00E00400FA0580B582B000AF78602F
S1131FF0C046BD4602B080BDF0B583B000AF786086
S1132000294A7B681000190040231A00274B98477F
S1132010274B402200211800264B9847224B1B884F
S1132020022B35D002DC002B34DB38E0032B33D019
S1132030AB2B00D02EE01E4BBA221A801C4B18008A
S11320401D4B9847031E29D01C4B984700201C4B5E
S1132050984703001D0000231E001A4C642200232D
S113206028003100A04703000C0019002200164B81
S11320700024C918624108001100144C144A0023BA
S1132080A04703000C001800124B9847124B9847C6
S1132090C04604E0C04602E0C04600E0C046C04678
S11320A0BD4603B0F0BDC04688020020E1B5000083
S11320B048020020F3B50000C91D0000619B000028
S11320C095A70000ADB30000571B00006DB30000DE
S11320D0581B000001000020C91F000080B500AF9C
S11320E0034B01221A7001231800BD4680BDC0466F
S11320F04402002080B500AF044B00221A70044B48
S113210000221A70C046BD4680BDC046440200206D
S11321104602002080B500AF034B01221A70012350
S11321201800BD4680BDC0464502002080B500AF02
S1132130024B00221A70C046BD4680BD45020020F5
S113214080B500AFC046BD4680BD80B500AFC04677
S1132150BD4680BD80B582B000AF78607B68012247
S11321601A707B6800225A607B6800229A607B6840
S1132170C0229203DA607B6800221A747B68002212
S11321805A747B6801229A747B680122DA747B6832
S113219000221A757B682422002199547B68183325
S11321A00C22002118000A4B98477B68094A9A615F
S11321B07B6800229A627B680022DA627B680022D4
S11321C01A637B6800225A63C046BD4602B080BDD4
S11321D0F3B50000A086010080B500AF344A442363
S11321E00721D154324A45230721D154304A46238A
S11321F00721D1542E4A47230721D1542C4BF022D6
S11322005A602B4BF0229A61294A32230321D1547C
S1132210274A33233321D154264B9B681800264B7D
S11322209847244B9B6880225202DA60214B9B68BA
S1132230224A9A621F4B9B6801225242DA621D4B6A
S11322409B681F4A1A631B4B9B681E4A5A63194BAF
S11322509B6800229A60174B9B681B4A9A61154B36
S11322609B6800221A75134B9B680022DA74114B89
S11322701800164B98470E4B802292009A600C4A25
S113228045230021D1540A4B802292009A61104BBD
S1132290984703001A0001235340DBB2002B00D0FF
S11322A0C046034B802292009A61C046BD4680BD61
S11322B000440041CC000020552100000200080029
S11322C002000A0002000B00801A0600A1030000AD
S11322D0D522000080B582B000AF1D4B98471D4B3E
S11322E0802292005A61FB1D00221A7007E0FF2031
S11322F0194B9847FB1D1A78FB1D01321A70FB1D00
S11323001B78092BF3D988235B0100211800134B98
S1132310984703001A0001235340DBB2002B01D07D
S1132320002311E0BB1D00221A70BB1D18000C4BCA
S1132330984703001A0001235340DBB2002B01D05D
S1132340002301E0C04601231800BD4602B080BD51
S1132350912300000044004165230000ED240000A7
S11323607D24000080B582B000AF0200FB1D1A700E
S1132370FB1D1A78044B11001800044B9847030006
S11323801800BD4602B080BDCC000020FB03000055
S113239080B500AF034B1800034B9847C046BD46B9
S11323A080BDC046CC000020C903000080B584B0C5
S11323B000AF78600A00FB1C1A700F23FB18002280
S11323C01A7038E07B685A1C7A600E22BA181B789F
S11323D013700D23FB1800221A7027E00F23FA183C
S11323E00F23FB181B78DB1813700E23FA180F2326
S11323F0FB1812781B785340DBB25BB2002B07DA70
S11324000F23FB180F22BA18127809214A401A70B8
S11324100E23FA180E23FB181B78DB1813700D23F8
S1132420FB181A780D23FB1801321A700D23FB18C0
S11324301B78072BD2D9FB1C1B78FA1C591E117070
S1132440002BBFD10F23FB181B785B005BB201226A
S113245013435AB20F23FB181A700F23FB181B786F
S11324601800BD4604B080BD80B500AF024B1B68A8
S11324701800BD4680BDC0463C03002080B584B032
S113248000AF78607B6800221A70D5235B00144A81
S113249019001000134B984703001A0001235340FE
S11324A0DBB2002B01D0012315E00F4B984703004A
S11324B0FB60FB68013301D101230CE0FB681B05C1
S11324C01A0DD5235B009A4201D0002303E07B68F8
S11324D001221A7001231800BD4604B080BDC04615
S11324E008550000ED2400006924000090B585B073
S11324F002AF78603960396878680023009300235C
S11325000022034CA04703001800BD4603B090BD51
S11325101525000090B58BB000AFF860B9601900C4
S1132520BB1D1A803B1D0A1C1A802423FB18FF22A2
S11325301A702223FB18FF221A802123FB18002281
S11325401A70FB68DBB23F221340DBB24022134314
S1132550DAB21823FB181A70BB681B0EDAB2182300
S1132560FB185A70BB681B0CDAB21823FB189A705C
S1132570BB681B0ADAB21823FB18DA70BB68DAB23C
S11325801823FB181A711823FB1805211800704B27
S1132590984703001A001823FB185A712423FB18C8
S11325A01B7818006B4B98472623FB1800221A70DF
S11325B00FE02623FB181B781822BA18D35C1800E6
S11325C0644B98472623FB181A782623FB180132FC
S11325D01A702623FB181B78052BEAD92023FB1835
S11325E0FF221A702223FB181B88DBB22022BC189E
S11325F01800584B9847030023702723FB18072221
S11326001A702223FB181B88DBB22022BC18180086
S1132610504B9847030023702023FB181B785BB2B0
S1132620002B11DA2723FB182722BA181278013A53
S11326301A702723FB181B78002BE2D12123FB18E7
S113264002221A7000237FE0C0462023FB181A7868
S1132650414B1A602023FB181B780822134005D035
S11326602123FB1806221A7000236DE02023FB1897
S11326701B780422134005D02123FB1809221A7069
S1132680002361E02023FB181B780122934305D02B
S11326902123FB1801221A70002355E0FA688023D5
S11326A09B0113400ED02D4B984703001A000123C1
S11326B05340DBB2002B05D02123FB1803221A70F0
S11326C0002341E0FA6880239B0013400ED02223AC
S11326D0FB181B88DBB218001E4B984703001A0036
S11326E01D4B1A601C4B1A681B4B1A60FA68802336
S11326F0DB00134027D02523FB1800221A7015E0B5
S11327002523FB181C782223FB181B88DBB2180036
S1132710104B984703001A001423FB181A5525235D
S1132720FB181A782523FB1801321A702523FB188D
S11327301B78032BE4D97A69074B1A60064B1B6894
S11327401ABA054B1A6001231800BD460BB090BDA0
S1132750AD230000652300003C0300206127000036
S113276090B583B000AFFB1CFF221A703B00FF2220
S11327701A803B001B88DBB2FC1C1800134B9847E3
S113278003002370124B7B603B001B88DBB2FC1CF4
S113279018000E4B9847030023703B001B88DBB2E4
S11327A0FC1C1800094B9847030023707B685A1ED1
S11327B07A60002B01D1002304E0FB1C1B78FF2B63
S11327C0EBD101231800BD4603B090BD6523000082
S11327D0400D030080B584B000AFF860B9607A6042
S11327E03B60354B1B785BB2002B32DA324B1B78E3
S11327F01A006023134009D12F4B5B78062B05D1B7
S11328007B6818002D4B9847030051E02A4B1B7836
S11328101A0060231340202B1BD1274B5B78022B1B
S113282007D0032B0DD0012B13D13B68984703002D
S11328303EE0214BFA689A601F4B01229A810123E2
S113284036E01D4BBA689A601B4B01229A81012322
S11328502EE0194B1B785BB2002B28DB164B1B7840
S11328601A0060231340202B21D1134B5B780A2BD1
S113287007D00B2B0ED0092B19D13B6898470300C6
S113288016E00D4B5B881B0A9BB2DAB2FB681A7028
S113289001230DE0084BDB88002B01D0002307E067
S11328A0054B5B88DAB2BB681A70012300E0002391
S11328B01800BD4604B080BD740B0020C128000080
S11328C080B584B000AF7860254B98470300093386
S11328D0FB60FB685B78212B01D000233BE0214B9C
S11328E05B881B0A9BB2DBB2212B13D11D4BFA6808
S11328F09A60FB681B789AB21A4BDB88181C111C6F
S11329008AB283B29A4200D9011C8AB2154B9A81C9
S1132910012320E0FB689A79124B5B881B0A9BB267
S1132920DBB29A4216D10F4B7A689A60FB68DA7967
S11329301B7A1B0213439AB20A4BDB88181C111C26
S11329408AB283B29A4200D9011C8AB2054B9A8199
S1132950012300E000231800BD4604B080BDC0463A
S1132960C5370000740B002080B582B000AF224B45
S113297000221A70214B00221A70214B01221A7076
S1132980204B01221A70204B984703001A001F4B5A
S11329901A701E4B1B78002B01D1002328E01B4B1F
S11329A01B78013BDAB2194B1A70194B9847030094
S11329B01A0001235340DBB2002B01D0002317E09F
S11329C0FB1D00221A700AE0FB1D1B780021180071
S11329D0104B9847FB1D1A78FB1D01321A700B4BE4
S11329E01B78FA1D12789A42EED90B4B98470123B3
S11329F01800BD4602B080BD770300207603002096
S1132A00F9000020FA000020E9190000600300200A
S1132A1015210000811A0000952B000080B500AF3D
S1132A20064B00221A70064B01221A70054B012234
S1132A301A70054B9847C046BD4680BD77030020F9
S1132A40F9000020FA0000202D21000080B500AF1D
S1132A50294B1B785BB2002B1EDA274B1B781A001C
S1132A6060231340202B17D1234B5B78FE2B13D10B
S1132A70214BDB88012B01D000233AE01E4B5B88FD
S1132A80002B01D0002334E01B4B1C4A9A601A4BE4
S1132A9001229A8101232CE0174B1B785BB2002B97
S1132AA026DB154B1B781A0060231340202B1FD103
S1132AB0114B5B78FF2B1BD10F4BDB88002B01D014
S1132AC0002316E00C4B5B88002B01D0002310E0A0
S1132AD00B4B00221A700B4B00221A7002200A4B77
S1132AE098478120084B9847084B9847012300E0FA
S1132AF000231800BD4680BD740B00206003002035
S1132B007603002077030020514A0000952B000033
S1132B1080B500AF00231800BD4680BD80B500AF6E
S1132B20094B1B7801225340DBB2002B08D1022051
S1132B30064B9847064B19000220064B984700E0C5
S1132B40C046BD4680BDC04676030020214D00002E
S1132B501D2B0000F14D000080B500AF094B1B7820
S1132B6001225340DBB2002B08D18120064B984749
S1132B70064B19008120064B984700E0C046BD462D
S1132B8080BDC04676030020214D0000592B000073
S1132B90F14D000090B583B002AF0C4A0C4B00938A
S1132BA01F23012102200B4CA04703001A0001231C
S1132BB05340DBB2002B04D0074B19000220074B13
S1132BC09847C046BD4601B090BDC04640030020B2
S1132BD0E12B0000C94E0000952B0000F14D0000D0
S1132BE080B582B000AF39601100FB1D021C1A7061
S1132BF0BB1D0A1C1A70FB1D1B78002B5BD13B68A4
S1132C001F2B04D12E4B1B682E4A934207D02E4B08
S1132C1001221A702D4B98472D4B98474CE0284BB6
S1132C205B7B0F221340DAB2254B5A73244B5A7B39
S1132C30284B1B789A4204D9274B9847274B98472F
S1132C403AE01F4B9A68264B9A601D4BDB7B5A2B4C
S1132C502BD89A00234BD3181B689F46224B9847C6
S1132C602AE0224B984727E00020214B984723E095
S1132C7001201F4B98471FE01E4B98471CE01E4B3A
S1132C80984719E01D4B984716E01D4B984713E0F1
S1132C901C4B9847114B98470EE001201A4B98475C
S1132CA00AE00020184B984706E0184B98470B4B56
S1132CB09847C04600E0C046BD4602B080BDC0464D
S1132CC04003002055534243760300201D2B00008F
S1132CD0592B000060030020E92F0000F92D0000AB
S1132CE0EC000020D4B60000213000008130000048
S1132CF015320000ED31000039340000C533000006
S1132D0089330000612F0000D93400000530000031
S1132D1080B582B000AF78600A00FB1C1A700C4BBF
S1132D201A7BFB1C1B785340DBB25BB2002B04DB29
S1132D30084B9A687B689A4205D2074B9847074B21
S1132D409847002300E001231800BD4602B080BD6F
S1132D5040030020EC000020E92F0000F92D0000C2
S1132D6090B585B002AF78600A00FB1C1A70FB1C9A
S1132D7019787A680A4B00930B0001218120094CD1
S1132D80A04703001A0001235340DBB2002B03D0F9
S1132D90054B9847054B9847C046BD4603B090BDC8
S1132DA0B12D0000C94E0000B52F0000F92D000020
S1132DB080B582B000AF39601100FB1D021C1A708F
S1132DC0BB1D0A1C1A70FB1D1B78002B0AD1074B74
S1132DD09847074B9A683B68D21A054B9A60054B93
S1132DE0984700E0C046BD4602B080BD612F000098
S1132DF0EC000020F92D000080B500AF0E4B9B685D
S1132E00002B0BD00D4B1B7B5BB2002B03DA812014
S1132E100B4B984702E00220094B9847074B5A682E
S1132E20054B5A60044B9A68034B9A60054B9847CC
S1132E30C046BD4680BDC046EC00002040030020D3
S1132E40214D0000492E000090B583B002AF0C4A1A
S1132E500C4B00930D23002181200B4CA047030051
S1132E601A0001235340DBB2002B04D0074B190096
S1132E708120074B9847C046BD4601B090BDC0466F
S1132E80EC000020952E0000C94E0000492E0000E1
S1132E90F14D000080B582B000AF39601100FB1D18
S1132EA0021C1A70BB1D0A1C1A70034B9847C046BB
S1132EB0BD4602B080BDC046952B000080B500AF72
S1132EC0074B122200211800064B9847044BF022AE
S1132ED01A70034B0A22DA71C046BD4680BDC04653
S1132EE064030020F3B5000080B582B000AF3A60FF
S1132EF0FB1D021C1A703B1D0A1C1A80154B9847B7
S1132F00154B01221A73154BFA1D12789A703B68FF
S1132F101B0EDAB2114BDA703B681B0CDAB20F4BA2
S1132F201A713B681B0ADAB20C4B5A713B68DAB26D
S1132F300A4B9A713B1D1B881B0A9BB2DAB2074BE2
S1132F401A733B1D1B88DAB2044B5A73C046BD4644
S1132F5002B080BDBD2E0000EC0000206403002000
S1132F6080B500AF034B9847034B00221A73C04649
S1132F70BD4680BDBD2E0000EC00002080B500AF32
S1132F80E8239B01002219000220024B9847C04607
S1132F90BD4680BDE92E000080B500AFA0239B0193
S1132FA0002219000620024B9847C046BD4680BD4A
S1132FB0E92E000080B500AF002200210420024B5E
S1132FC09847C046BD4680BDE92E000080B500AFDD
S1132FD09C239B01002219000720024B9847C046FE
S1132FE0BD4680BDE92E000080B500AF90239B0153
S1132FF0002219000520024B9847C046BD4680BDFB
S1133000E92E000080B500AF80239B010022190047
S11330100520024B9847C046BD4680BDE92E0000FE
S113302080B582B000AFFB1D114AD27C1A70FB1D23
S11330301B78122B02D9FB1D12221A70FB1D1B7860
S1133040802118000B4B984703001A0001235340BA
S1133050DBB2002B07D1FB1D1A78074B11001800B7
S1133060064B984700E0C046BD4602B080BDC0464E
S113307040030020112D000064030020612D000096
S113308080B582B000AFFB1D3B4AD27C1A70FB1D99
S11330901B78242B02D9FB1D24221A70FB1D1B78DC
S11330A080211800354B984703001A000123534030
S11330B0DBB2002B5BD1304B1B7C1A000323134083
S11330C003D12D4B5B7C002B04D02D4B98472D4B0B
S11330D098474DE0284B5B7B18002B4B9847031E09
S11330E001D0802200E00022284B5A70224B5B7BE7
S11330F01800274B984703005A1C244B1033110027
S113310010221800234B9847BB1D00221A7012E0AE
S1133110BB1D1B781D4AD3181B7C002B1BD0BB1D69
S11331201B781A4AD3181B7C222B14D0BB1D1A7887
S1133130BB1D01321A70BB1D1B78102BE8D10AE0AD
S1133140BB1D1B78114AD31820221A74BB1D1A7890
S1133150BB1D01321A70BB1D1B78102BF0D1FB1D57
S11331601A780A4B110018000B4B984700E0C04630
S1133170BD4602B080BDC04640030020112D0000B2
S1133180E92F0000F92D0000491B0000FC0000207D
S1133190911B0000E1B50000612D000080B500AF77
S11331A00D4B5B7B18000D4B98470300022B08D096
S11331B0032B03D0002B07D1012309E0084B9847C8
S11331C005E0084B984702E0074B9847C0460023A8
S11331D01800BD4680BDC04640030020F51900001C
S11331E0992F00007D2F0000B52F000080B500AF9F
S11331F0054B9847031E01D0044B9847044B98474E
S1133200C046BD4680BDC0469D310000612F000010
S1133210F92D000080B586B000AF0200FB1D1A70C6
S1133220514B142200211800504B9847FB1D1B786A
S1133230002B0BD01623FB184D4AD27D1A704D4B30
S11332403B611723FB1808221A700AE01623FB18A7
S1133250474AD27C1A70484B3B611723FB1804225F
S11332601A70434B5A7C0F23FB183F210A401A70F3
S11332700F23FB181B781C2B04D00F23FB181B787F
S11332803F2B0FD13B691C221A703B690A225A70EA
S11332903B690522DA701723FB181722BA18127833
S11332A00C321A701623FA181723FB1812781B789D
S11332B09A4205D91623FB181722BA1812781A70E5
S11332C01623FB181B78802118002C4B9847030009
S11332D01A0001235340DBB2002B41D1244B5B7B0A
S11332E01800274B9847031E01D0802200E00022DB
S11332F00E23FB181A70FB1D1B78002B1BD0172301
S1133300FB181B789BB2023B9BB21B0A9BB21AB2FE
S11333101723FB181B789BB2023B9BB21B021BB208
S113332013431BB29AB2104B1A800F4B0E22BA18D9
S11333301278DA700BE01723FB181B78013BDAB222
S1133340094B1A70084B0E22BA1812789A70162379
S1133350FB181A78044B110018000A4B984700E038
S1133360C046BD4606B080BD84030020F3B500000E
S1133370400300208C03002088030020112D00004E
S1133380011B0000612D000080B582B000AFFB1D61
S1133390084AD27C1A70FB1D1B78002B02D1064B05
S11333A0984701E0054B9847054B9847C046BD46F2
S11333B002B080BD40030020612F0000E92F00000F
S11333C0F92D000080B582B000AF174BDB7C1A00EA
S11333D001231A40FB1D511E8A411A70124BDB7CDB
S11333E01A0002231A40BB1D511E8A411A70BB1DCC
S11333F01B78002B10D00C4B587BFB1D1B785A1EDE
S11334009341DBB201225340DBB21A1C0123134067
S1133410DBB21900054B9847054B9847054B984775
S1133420C046BD4602B080BD40030020811A0000A2
S1133430612F0000F92D000080B500AF8021082025
S11334401C4B984703001A0001235340DBB2002BA6
S11334502DD1194B5B7B194A11001800184B984762
S11334600300022B09D0032B02D0002B0FD009E05C
S1133470144B9847144B98471AE0144B9847124B37
S1133480984715E0124B98470F4B984710E0C046F9
S11334900A4B802292025A60084B1B681ABA074BE7
S11334A01A60064B082118000A4B984700E0C046F2
S11334B0BD4680BD112D000040030020980300206C
S11334C0351A0000992F0000F92D00007D2F00000F
S11334D0B52F0000612D000080B584B000AF02005C
S11334E0FB1D1A70FB1D1B7801225340DBB2002B1D
S11334F00BD0234B5B7B1800224B9847031E04D050
S1133500214B9847214B984737E0214B1C4A527C6A
S11335101A70204B1A4A927C1A701F4B184AD27C9C
S11335201A701E4B164A127D1A701D4B144A927D56
S11335301A701C4B124AD27D1A701A4B1B885B02FC
S1133540FB60FB1D1B78002B01D0802300E00023CF
S1133550FA6819001000144B984703001A0001235D
S11335605340DBB2002B07D1104BFA1D12781A70AE
S11335700F4B01221A7000E0C046BD4604B080BD66
S113358040030020011B0000CD2F0000F92D000096
S11335907F0300207E0300207D0300207C030020A5
S11335A08103002080030020112D000078030020F7
S11335B07703002090B583B000AF284B1B7801221D
S11335C05340DBB2002B01D0002343E0234B002205
S11335D01A70234B00221A70224B1B78002B0CD03C
S11335E0214B587B214B1968214B1B88FC1D1A0069
S11335F0204B9847030023700BE01B4B587B1B4B5D
S113360019681B4B1B88FC1D1A001B4B98470300B1
S11336102370134B1B78DBB2002B04D0104B002219
S11336201A70012316E0FB1D1B78022B09D0032B13
S113363004D0002B08D1114B984708E0104B984751
S113364005E0104B984702E00F4B9847C0460F4BDC
S1133650984701231800BD4603B090BD77030020AE
S1133660FA00002078030020400300207C0300209F
S113367080030020B91B0000111C0000612F000012
S1133680992F00007D2F0000B52F0000F92D0000B8
S113369080B582B000AF39601100FB1D021C1A70A6
S11336A0BB1D0A1C1A70FB1D1B785A1E9341DAB20B
S11336B0044B1A70044B01221A70C046BD4602B076
S11336C080BDC04608090020F900002090B587B0ED
S11336D002AFB9607A603B600F23FB18021C1A70BA
S11336E02F4B1B78DBB201225340DBB2002B01D0FD
S11336F0002351E02A4B00221A700F23FB181B7879
S1133700002B01D0812000E002203B68002B01D077
S11337103B6800E0234B7968BA6800930B000021F2
S1133720214CA04703001A0001235340DBB2002BB5
S113373004D01B4B01221A7000232DE03B68002BA0
S113374023D1C046164B1B78DBB201225340DBB2B7
S1133750002BF7D1154B1B78DBB2002B01D00023D3
S11337601AE0134B9A687B68D21A114B9A600F4B7C
S11337701B78DBB25A1E9341DBB201225340DBB209
S11337801A1C01231340DBB206E0094B9A687B68DC
S1133790D21A074B9A6001231800BD4605B090BDAC
S11337A0F900002091360000C94E000008090020ED
S11337B0EC00002080B500AF014B1800BD4680BD71
S11337C040B8000080B500AF024B1B681800BD462E
S11337D080BDC046B003002080B500AF074B1B6816
S11337E01A68064B1B681B689978DB781B020B432D
S11337F09BB2D3181800BD4680BDC046AC03002060
S113380080B584B000AF78600A00FB1C1A70144BBA
S113381098470300FB607B681B781A007B689B1841
S11338207B6011E07B685B78042B12D07B685B784B
S1133830FA1C12789A4201D17B680CE07B681B78F1
S11338401A007B689B187B60FA687B689A42E9D807
S113385000E0C04600231800BD4604B080BDC04649
S1133860D937000080B584B000AF0200FB1D1A7088
S1133870BB1D0A1C1A70204B1B78002B01D100239E
S113388036E01E4B1B681B681B79FA1D12789A429E
S113389001D300232CE0194B1B681A68184B1A60DB
S11338A0184B98470300FB601CE0154B1B685B78C2
S11338B0042B0FD1124B1B689B78FA1D12789A4285
S11338C008D10F4B1B68DB78BA1D12789A4201D1DC
S11338D001230DE00A4B1A68094B1B681B78D218A8
S11338E0074B1A60064B1B68FA689A42DDD800231E
S11338F01800BD4604B080BDA8030020AC0300201E
S1133900B0030020D937000080B584B000AF0200B6
S1133910FB1D1A70FB1D1B7800211800214B9847D2
S113392003001A0001235340DBB2002B01D0002313
S113393034E01D4B1B685A68FB1D1B789B00D31891
S11339401B68BB60BB68DB68984703001A00FB1D5B
S11339501B7811001800134B984703001A00012329
S11339605340DBB2002B01D0002317E00F4B1B6840
S1133970FB60FB68052118000D4B98470300FB60B2
S1133980FB68002B05D0FB689B781800094B98470F
S1133990EFE7C046BB685B68984701231800BD4643
S11339A004B080BD65380000AC030020B0030020E3
S11339B001380000C14A000080B584B000AF0200A5
S11339C0FB1D1A70BB1D0A1C1A70BB1D1A78FB1D47
S11339D01B78110018001F4B984703001A0001239D
S11339E05340DBB2002B01D000232EE01A4B1B689E
S11339F0FB60FB6805211800184B98470300FB6027
S1133A00FB68002B15D0FB689878FB68D978FB68B5
S1133A101A795B791B0213439BB21A00104B984727
S1133A2003001A0001235340DBB2002BE1D0002332
S1133A300BE0C0460B4B1B685A68FB1D1B789B00B0
S1133A40D3181B681B68984703001800BD4604B0D0
S1133A5080BDC04665380000B00300200138000076
S1133A604D4B0000AC03002080B582B000AF124B78
S1133A701B78002B15D0FB1D00221A7009E0FB1DDA
S1133A801B7818000D4B9847FB1D1A78FB1D01325B
S1133A901A700B4B1B681B681B79FA1D12789A422B
S1133AA0EDD3054B00221A70064B01221A80C04642
S1133AB0BD4602B080BDC046A803002009390000FD
S1133AC0AC030020A003002080B582B000AF174BE8
S1133AD01B78002B25D0FB1D00221A7019E0144B13
S1133AE01B685A68FB1D1B789B00D3181B681B6955
S1133AF0002B09D00E4B1B685A68FB1D1B789B00DA
S1133B00D3181B681B699847FB1D1A78FB1D0132EB
S1133B101A70074B1B681B681B79FA1D12789A42AE
S1133B20DDD3C046BD4602B080BDC046A803002018
S1133B30AC03002080B500AF074BDB88022B01D01B
S1133B40002305E0054B02211800054B984701238B
S1133B501800BD4680BDC046740B0020A0030020A1
S1133B60F951000080B500AF0C4BDB88022B01D06B
S1133B7000230FE0094B9B88DBB21800084B9847E1
S1133B8003009AB2074B1A80064B02211800064B19
S1133B90984701231800BD4680BDC046740B002021
S1133BA0F54C0000B4030020F951000080B500AFCB
S1133BB00B4BDB88002B01D000230DE0084B5B8806
S1133BC0012B08D1074B1B88022293439AB2054B61
S1133BD01A80012300E000231800BD4680BDC046C2
S1133BE0740B0020A003002080B500AF0A4BDB88D3
S1133BF0002B01D000230CE0074B5B88002B07D17E
S1133C00054B9B88DBB21800044B9847030000E087
S1133C1000231800BD4680BD740B0020794D0000C0
S1133C2080B500AF084BDB88002B01D0002307E0F0
S1133C30054B5B88012B02D0C046002300E0002323
S1133C401800BD4680BDC046740B002080B500AF8F
S1133C500D4BDB88002B01D0002312E00A4B5B885C
S1133C60002B0DD1084B9B88DBB21800074B9847FB
S1133C70054B9B88DBB21800054B9847030000E016
S1133C8000231800BD4680BD740B0020514A00007B
S1133C90214D000080B500AF054B5B88DBB27F226D
S1133CA01340DBB21800034B9847C046BD4680BDA5
S1133CB0740B0020B151000080B500AF064BDB88C7
S1133CC0002B01D0002303E0034B044A1A610123B3
S1133CD01800BD4680BDC046740B0020953C000012
S1133CE080B584B000AFFB1D00221A70334B5B8893
S1133CF01A00FF231340012B0ED002DC002B05D049
S1133D001EE0022B0ED0032B12D019E02C4B042101
S1133D1018002C4B984715E0FB1D08221A702A4BFB
S1133D20BB600FE0FB1D07221A70284BBB6009E043
S1133D30FB1D02221A70264B98470300BB6001E06A
S1133D40002337E0FB1D1B78002B32D00F23FB1818
S1133D5000221A7016E00F23FB181B780F22BA18E2
S1133D601278B9688A18127891B21A4A5B00D3188B
S1133D7002330A1C1A800F23FB181A780F23FB182E
S1133D8001321A700F23FA18FB1D12781B789A421D
S1133D90E1D3FB1D1B780133DBB2DB18DAB20D4B28
S1133DA01A700C4B1B789AB20A4B11001800054B81
S1133DB0984701231800BD4604B080BD740B002051
S1133DC020010020F95100002401002030010020CE
S1133DD0B53700003801002080B582B000AF394B00
S1133DE05A88FB1D1A70374B5B881B0A9BB2DBB2E7
S1133DF0022B13D002DC012B05D051E0032B44D05D
S1133E000F2B2FD04CE0304B1A682F4B1B681B78BC
S1133E109BB2190010002D4B984744E02A4B1B68B5
S1133E205B7CFA1D12789A4201D3002346E0264BAC
S1133E305A68FB1D1B78DB00D3181868224B5A689C
S1133E40FB1D1B78DB00D3181B689A78DB781B02F8
S1133E5013439BB219001D4B98471A4B9B680222CF
S1133E605A7020E0184B9B68002B01D1002325E0F9
S1133E70154B9868144B9B689A78DB781B021343A4
S1133E809BB21900114B98470DE0114B9847030062
S1133E901A0001235340DBB2002B03D000230DE0B2
S1133EA000230BE0C046074BDA88064B9B899A42F5
S1133EB003D2044BDA88034B9A8101231800BD46D0
S1133EC002B080BD740B002074000020F951000082
S1133ED0E13C000080B500AF074BDB88012B01D02B
S1133EE0002305E0054B01211800054B98470123E9
S1133EF01800BD4680BDC046740B0020A8030020F6
S1133F00F951000080B582B000AF2A4BDB88002B4A
S1133F1001D000234AE0284B9847031E01D1002317
S1133F2044E0244B5B881A00FF231A40234B1B6890
S1133F305B7C9A4201DD002338E0214B98471D4BFE
S1133F405B88DAB21F4B1A701E4B1B78002B01D111
S1133F5001232BE0194B5A681A4B1B781A498C46DB
S1133F606344DB00D218194B1A60FB1D00221A703F
S1133F7013E0FB1D1B7800211800154B9847030024
S1133F801A0001235340DBB2002B01D000230DE0C3
S1133F90FB1D1A78FB1D01321A700C4B1B681B6841
S1133FA01B79FA1D12789A42E3D301231800BD4607
S1133FB002B080BD740B0020DD51000074000020AD
S1133FC0693A0000A8030020FFFFFF1FAC03002094
S1133FD0B939000080B582B000AF214BDB88012BDA
S1133FE001D0002338E01F4B1B78002B01D10023A4
S1133FF032E01B4B9A88FB1D1A701B4B1B681B6815
S11340001B79FA1D12789A4201D3002324E0FB1D88
S11340101B7800211800154B984703001A00012350
S11340205340DBB2002B01D0002315E00E4B1B687C
S11340305A68FB1D1B789B00D3181B683B603B68C8
S1134040DB68984703001A00094B1A70084B0121DA
S11340501800084B984701231800BD4602B080BDE4
S1134060740B0020A8030020AC0300206538000076
S1134070A4030020F951000080B582B000AF174BB3
S1134080DB88002B01D0002324E0154B1B78002B88
S113409001D100231EE0114B9A88FB1D1A700F4BAF
S11340A05A88BB1D1A70FB1D1B7818000D4B9847CE
S11340B003001A0001235340DBB2002B01D000237C
S11340C008E0BB1D1A78FB1D1B7811001800064B75
S11340D0984703001800BD4602B080BD740B002051
S11340E0A803002009390000B939000080B500AFE9
S11340F0474B1B785BB2002B40DA454BDB88002B27
S113410001D1002381E0424B1B781A001F23134086
S113411014D13F4B5B78062B08D0082B0AD0002B18
S113412000D00BE03B4B984703006EE03A4B9847B6
S113413003006AE0394B9847030066E0344B1B7870
S11341401A001F231340012B08D1314B5B780A2B33
S113415000D003E0324B9847030056E02C4B1B7809
S11341601A001F231340022B4ED1294B5B78002BDE
S113417000D049E02B4B9847030046E0244B1B78C2
S11341801A001F23134019D1214B5B78092B14D833
S11341909A00254BD3181B689F46244B984703006D
S11341A033E0234B984703002FE0224B984703004A
S11341B02BE0214B9847030027E0C046144B1B78A3
S11341C01A001F231340012B08D1114B5B780B2BD2
S11341D000D003E0194B9847030016E00C4B1B7802
S11341E01A001F231340022B0ED1094B5B78012BBD
S11341F002D0032B04D007E0114B9847030004E0DE
S1134200104B9847030000E000231800BD4680BD12
S1134210740B0020353B0000D93D0000D53E000062
S1134220D53F0000653B000044B80000B93C0000E5
S1134230AD3B0000213C0000053F00007940000038
S1134240E93B00004D3C000080B582B000AF244B38
S11342501B78002B01D100233DE0224B9A88FB1DE3
S11342601A70214B1B681B681B79FA1D12789A423D
S113427001D300232FE0FB1D1B78002118001B4BEA
S1134280984703001A0001235340DBB2002B01D0EE
S1134290002320E0144B1B685A68FB1D1B789B000D
S11342A0D3181B683B603B68DB68984703001A001F
S11342B0FB1D1B78110018000C4B984703001A00D3
S11342C001235340DBB2002B01D0002303E03B6801
S11342D09B68984703001800BD4602B080BDC046E5
S11342E0A8030020740B0020AC03002065380000F4
S11342F080B582B000AF224B1B78002B01D1002384
S113430039E0204B9A88FB1D1A70FB1D00221A709D
S113431028E01D4B1B685A68FB1D1B789B00D318B3
S11343201B683B603B68DB68984703001A00FB1D71
S11343301B7811001800154B984703001A0001233D
S11343405340DBB2002B01D0002314E03B689B6890
S11343509847031E01D001230DE0FB1D1A78FB1DB5
S113436001321A70084B1B681B681B79FA1D1278FE
S11343709A42CED300231800BD4602B080BDC04689
S1134380A8030020740B0020AC0300206538000053
S113439080B500AF1E4B00229A811D4B00221A618A
S11343A01B4B00225A611A4B1B785BB2002B05DAB7
S11343B0174BDB88002B01D1002326E0144B1B781C
S11343C01A006023134005D1124B9847031E01D0F5
S11343D001231AE00E4B1B781A001F231340012BF4
S11343E005D10D4B9847031E01D001230DE0084B66
S11343F01B781A001F231340022B05D1074B984743
S1134400031E01D0012300E000231800BD4680BD37
S1134410740B0020ED40000049420000F14200000E
S113442080B582B000AFEFF310837B607B685A42A3
S11344305341DBB23B6072B6BFF35F8F034B002284
S11344401A703B681800BD4602B080BD4D010020C3
S113445080B582B000AF78607B685A1E9341DBB2AE
S11344601800BD4602B080BD80B582B000AF786050
S11344707B681800064B9847031E05D0054B0122A4
S11344801A70BFF35F8F62B6C046BD4602B080BDEE
S1134490514400004D01002080B584B000AF0200FB
S11344A0FB1D1A70FB1D1B780C4AD35CFF2B00D13B
S11344B0FEE70B4B98470300FB60FB1D1B78074A84
S11344C0D25C0132D1B2054AD154FB681800054BC5
S11344D09847C046BD4604B080BDC046EC0C0020E1
S11344E0214400006944000080B584B000AF02009C
S11344F0FB1D1A70FB1D1B780C4AD35C002B00D1EA
S1134500FEE70B4B98470300FB60FB1D1B78074A33
S1134510D25C013AD1B2054AD154FB681800054B6C
S11345209847C046BD4604B080BDC046EC0C002090
S1134530214400006944000080B582B000AF786077
S11345407B681A687B681B681B899BB201218B43BB
S11345509BB21381C046BD4602B080BD80B582B017
S113456000AF78607B681B689B7A5B065B0EDBB2EE
S11345701800BD4602B080BD80B582B000AF78603F
S11345800A00FB1C1A707B681B68FA1C12788021D5
S113459049420A43D2B29A72C046BD4602B080BDB7
S11345A080B500AF0C4B9B8C9BB21A0020231340A8
S11345B007D1C046084BDB68D0221340D02BF9D179
S11345C006E0C046044BDB6810221340102BF9D1DF
S11345D0C046BD4680BDC0460008004080B584B0DA
S11345E000AF0200FB1D1A700C23FB18154A126859
S11345F01A60154B1B78FA1D12789A421DD0FB1DC8
S11346001B78002B07D0FB1D1B780C22BA18D35C37
S113461018000E4B98470C4B1B78002B08D00A4B04
S11346201B781A000C23FB189B5C1800084B984756
S1134630054BFA1D12781A7000E0C046BD4604B05E
S113464080BDC0466CB800005C04002099440000A2
S1134650E944000080B582B000AF0200FB1D1A706F
S1134660FB1D1B78002B03D0FB1D1B78802B01D175
S1134670002312E0FB1D1B780F2213405B00FA1D80
S1134680127852B2D2B2D209D2B29B189A1E130037
S11346909B009B189B00034A9B181800BD4602B060
S11346A080BDC046BC03002090B589B000AF7860DF
S11346B07B68BB611723FB18BA6992791A701723B8
S11346C0FB181B781800544B984703003B610F23D9
S11346D0FB181722BA1812780F210A401A700C23FB
S11346E0FB183A69128A1A800A23FB18BA6952889D
S11346F01A803B69DA680A23FB181B88D2183B69C5
S1134700DA603B69DA683B699B689A4254D03B693A
S11347109B6899B23B69DB689AB21E23FB188A1A1C
S11347201A801E23FB181B883C4A93420DD90C2384
S1134730FB181A8839483A4B110098470B009AB273
S11347401E23FB1835498A1A1A803B699B7C022276
S11347501340DBB2002B0ED01E23FA180C23FB18D7
S1134760128819882F4B100098470B009BB2002B1E
S113477001D1012300E00023DBB21A1C0123134002
S1134780DAB23B6901210A4090189A7C02218A43DB
S1134790111C021C0A439A743B695A683B69DB6822
S11347A0D2181E23FB181C880F23FB1819781E48E7
S11347B023001E4CA0472BE03B699B7C0222134044
S11347C0DBB2002B11D03B699A7C02218A439A7494
S11347D03B695A683B69DB68D2180F23FB181978C8
S11347E011480023114CA04712E03B699A7C012137
S11347F08A439A743B691B68002B09D03B691C6887
S11348003B69D9681723FB181B781A000020A047BE
S1134810BD4609B090BDC04655460000FF1F0000CC
S1134820E5B2000011B100000C0A0020456E000042
S1134830B0B588B000AF78607B68BB611723FB1804
S1134840BA6992791A701723FB181B781800664B03
S1134850984703003B610F23FB181722BA181278FC
S11348600F210A401A700C23FB183A69128A1A8025
S11348700A23FB18BA6912881A803B699B7C0422BC
S11348801340DBB2002B19D03B695A683B69DB68E3
S1134890D4180F23FB181B78013B9A01534BD518EE
S11348A03B699A680C23FB181988514B10009847F0
S11348B00B001A00290020004E4B98473B69DA6828
S11348C00A23FB181B88D2183B69DA603B69DA6853
S11348D03B699B689A4203D93B699A683B69DA60F1
S11348E0BB699B880A22BA1812889A4265D13B692F
S11348F0DA683B699B689A425FD03B699B6899B2CE
S11349003B69DB689AB21E23FB188A1A1A801E239D
S1134910FB181B88384A93420ED90C23FB181A88BB
S11349203548364B110098470B009AB21E23FB18EA
S113493031498A1A1A8011E01E23FA180C23FB1835
S1134940128819882A4B100098470B009AB21E232C
S1134950FB181E21791809888A1A1A801E23FA184E
S11349600C23FB1812881B889A4216D23B699A7C46
S113497004210A439A740F23FB181B78013B9A0104
S11349801A4BD2180C23FB181C880F23FB18197818
S11349901B4823001B4CA04722E03B695A683B6933
S11349A0DB68D2181E23FB181C880F23FB18197808
S11349B013482300134CA04712E03B699A7C012161
S11349C08A439A743B691B68002B09D03B691C68B5
S11349D03B69D9681723FB181B781A000020A047ED
S11349E0BD4608B0B0BDC046554600000C090020C5
S11349F011B10000E1B50000FF1F0000E5B20000A6
S1134A000C0A0020F96E000080B584B000AF786015
S1134A1039603B68FB600B23FB18FA6892791A70C3
S1134A200B23FB181B785BB2002B04DA3B681800DD
S1134A30054B984703E03B681800044B9847C04671
S1134A40BD4604B080BDC046A94600003148000000
S1134A5090B585B000AF0200FB1D1A70FB1D1A78DB
S1134A60144B11001800144B9847FB1D1B781800B9
S1134A70124B98470300FB60FB689B7C01221340A8
S1134A80DBB2002B12D0FB689A7C01218A439A7412
S1134A90FB681B68002B0AD0FB681C68FB68D9689C
S1134AA0FB1D1B781A000120A04700E0C046BD464C
S1134AB005B090BD0C0A0020C16B000055460000F3
S1134AC080B584B000AF0200FB1D1A700823FB18E8
S1134AD01800184B98470F23FB18FA1D12780F2162
S1134AE00A401A70FB1D1B781800134B98470823C3
S1134AF0FB18FA1D12781A700823FB180022DA70CA
S1134B000823FA180D4B110018000D4B98470F237A
S1134B10FB181978094B002218000A4B9847FB1D13
S1134B201978064B00221800074B9847C046BD462B
S1134B3004B080BD2D660000514A00000C0A00201C
S1134B4055660000756200008964000090B587B066
S1134B5000AF040008001100FB1D221C1A70BB1DCD
S1134B60021C1A703B1D0A1C1A800C23FB18180027
S1134B70584B98470C23FB18FA1D12781A703B1DEA
S1134B801B88082B04D80C23FB1800225A7045E01C
S1134B903B1D1B88102B04D80C23FB1801225A70D0
S1134BA03CE03B1D1B88202B04D80C23FB1802225D
S1134BB05A7033E03B1D1B88402B04D80C23FB1890
S1134BC003225A702AE03B1D1B88802B04D80C2337
S1134BD0FB1804225A7021E03B1D1A8880235B00D5
S1134BE09A4204D80C23FB1805225A7016E03B1D88
S1134BF01A8880239B009A4204D80C23FB180622AF
S1134C005A700BE03B1D1B88334A934204D80C2393
S1134C10FB1807225A7001E0002357E0FB1D1B78A4
S1134C2018002E4B984703007B617B693A1D12885C
S1134C301A82BB1DBA1D127803210A401A70BB1DCB
S1134C401B78012B04D10C23FB180222DA7013E029
S1134C50BB1D1B78022B04D10C23FB180322DA7032
S1134C600AE0BB1D1B78032B04D10C23FB18042280
S1134C70DA7001E0002329E01323FB18FA1D1278EF
S1134C800F210A401A700C23FA18154B1100180052
S1134C90144B9847031E01D0002317E0124A132334
S1134CA0FB1819780E4813000022104CA047FB1D76
S1134CB019780B4B002218000D4B9847FB1D1978EF
S1134CC0074B012218000A4B984701231800BD46E0
S1134CD007B090BD2D660000FF030000554600009C
S1134CE00C0A002055660000094A0000F561000026
S1134CF0ED62000080B582B000AF0200FB1D1A70A7
S1134D00FB1D1A78044B11001800044B984703004C
S1134D101800BD4602B080BD0C0A0020496C00009A
S1134D2080B584B000AF0200FB1D1A700F23FB187E
S1134D30FA1D12780F210A401A700F23FB181B78F2
S1134D40042B01D900230CE0FB1D1A78074B11003A
S1134D501800074B9847FB1D1B781800054B984714
S1134D6001231800BD4604B080BDC0460C0A0020D3
S1134D70BD6C0000514A000080B584B000AF020051
S1134D80FB1D1A700F23FB18FA1D12780F210A401D
S1134D901A700F23FB181B78042B01D900231DE084
S1134DA0FB1D1B7818000F4B98470300BB60FB1DCD
S1134DB01A780D4B110018000C4B9847BB689B7C6C
S1134DC001221340DBB2002B07D0BB689A7C01217F
S1134DD08A439A74BB681B68984701231800BD4630
S1134DE004B080BD554600000C0A0020196D000077
S1134DF080B584B000AF02003960FB1D1A700F2328
S1134E00FB18FA1D12780F210A401A700F23FB18A1
S1134E101B78042B01D9002330E0FB1D1B781800FC
S1134E20184B98470300BB60BB689B7C012213406E
S1134E30DBB2002B01D0002320E0FB1D1A78124BBB
S1134E4011001800114B9847031E09D0BB689A7CC7
S1134E5001210A439A74BB683A681A6001230DE081
S1134E60FB1D1A78084B11001800094B9847031EC4
S1134E7003D03B689847012300E000231800BD4697
S1134E8004B080BD554600000C0A0020496C0000A7
S1134E904D6B000080B500AF074B05221A70074B1D
S1134EA080211800064B9847044B00211800054B3D
S1134EB09847C046BD4680BDB60300200C0A0020BA
S1134EC0BD6C0000196D000090B589B000AFBA60E8
S1134ED07B600F23FB18021C1A700E23FB180A1C9C
S1134EE01A701D23FB180F22BA1812780F210A40DA
S1134EF01A701D23FB181B78042B07D80F23FB18EB
S1134F001B7818009F4B9847031E01D0002334E1FF
S1134F100F23FB181B7818009B4B98470300BB61B9
S1134F209A4B984703007B61BB699B7C0122134029
S1134F30DBB2002B05D07B691800954B9847002302
S1134F401BE1BB699A7C01210A439A747B691800AE
S1134F508F4B9847BB69BA685A60BB697A689A6094
S1134F60BB690022DA60BB693A6B1A60BB690E2226
S1134F70BA18127801210A4090189A7C02218A43B7
S1134F80111C021C0A439A74BB699A7C04218A434B
S1134F909A740F23FB181B785BB2002B00DB78E0BC
S1134FA0BB699B68002B3FD0BB699A681E23FB1822
S1134FB01A801E23FB181B88764A93420DD9BB69BD
S1134FC01B8A1900734A744B100098470B009AB25D
S1134FD01E23FB186F498A1A1A80BB699B7C022224
S1134FE01340DBB2002B0DD0BB69198A1E23FB18BA
S1134FF01A886A4B100098470B009BB2002B01D112
S1135000012300E00023DBB21A1C01231340DAB2AF
S1135010BB6901210A4090189A7C02218A43111C21
S1135020021C0A439A7423E0BB699B7C022213404E
S1135030DBB2002B09D0BB699A7C02218A439A74A3
S11350401E23FB1800221A8012E0BB699A7C0121FE
S11350508A439A74BB691B68002B07D0BB691B6821
S11350600F22BA181278002100209847012384E007
S1135070BB695A681E23FB181C881D23FB1819786A
S113508047482300474CA04703005A425341DBB230
S113509073E0BB699B68002B5DD0BB699A681E23D3
S11350A0FB181A801E23FB181B883A4A93420ED918
S11350B0BB691B8A1900374A374B100098470B000D
S11350C09AB21E23FB1833498A1A1A8010E0BB696E
S11350D0198A1E23FB181A88304B100098470B00BE
S11350E09AB21E23FB181E21791809888A1A1A807D
S11350F0BB691B8A1E22BA1812889A421AD2BB694B
S11351009A7C04210A439A741D23FB181B78013BE3
S11351109A01254BD218BB691B8A1C001D23FB185E
S113512019781F482300214CA04703005A425341D9
S1135130DBB222E0BB695A681E23FB181C881D23BE
S1135140FB18197816482300184CA04703005A424C
S11351505341DBB211E0BB699A7C01218A439A7402
S1135160BB691B68002B07D0BB691B680F22BA18E8
S1135170127800210020984701231800BD4609B089
S113518090BDC046F54C0000554600002144000087
S113519069440000FF1F0000E5B2000011B10000E7
S11351A00C0A0020456E00000C090020F96E000076
S11351B080B582B000AF0200FB1D1A70FB1D1A7887
S11351C0044B11001800044B9847C046BD4602B07A
S11351D080BDC0460C0A00207945000080B500AFB0
S11351E0034B1800034B984703001800BD4680BDCD
S11351F00C0A00205D45000080B582B000AF7860E5
S11352000A00BB1C1A80054B7A689A60034BBA1CCF
S113521012889A81C046BD4602B080BD740B00203E
S113522080B500AF174B1A78174B1A70154B5A7884
S1135230154B5A70134BDB789BB21B029AB2114B7D
S11352409B789BB2D3189AB20F4B5A800D4B5B7963
S11352509BB21B029AB20B4B1B799BB2D3189AB226
S1135260094B9A80074BDB799BB21B029AB2054B20
S11352709B799BB2D3189AB2034BDA80C046BD46E1
S113528080BDC0468C0B0020740B0020B0B500AF6D
S1135290094B03221A70094A094B11001800094BE3
S11352A09847094B9A68064800230021074CA047F9
S11352B0C046BD46B0BDC046B60300208C0B0020DE
S11352C00C0A0020A96F0000740B0020456E00003A
S11352D090B583B000AF304B9989304B1A88BB1D11
S11352E08A1A1A80BB1D1B88002B30D12C4B1A88BC
S11352F02A4B1B88D3189AB2294B1A80264BDA887A
S1135300274B1B889A4203D0264B1B78002B09D0CD
S1135310254B04221A70254A254B11001800254BF1
S1135320984735E01C4B5B69002B10D01A4B5B6926
S1135330984703001A0001235340DBB2002B06D127
S1135340164B00221A80BB1D134A92891A80BB1D7A
S11353501B883F2B06D9BB1D40221A80114B00220B
S11353601A7002E00F4B01221A700B4B9B680B4A18
S113537012889A18BB1D1B880D4800210E4CA047AB
S1135380064B1A88BB1D1B88D3189AB2034B1A808C
S1135390BD4603B090BDC046740B0020BA03002084
S11353A0B80300205D040020B60300208C0B00200D
S11353B00C0A0020A96F0000456E000090B585B06E
S11353C000AF78607B68BB600E23FB18BA68128854
S11353D01A80454B9B891A00444B1B8819000E23E5
S11353E0FB181B88CB189A4207DA3F4B99893F4B2D
S11353F01A880E23FB188A1A1A803B4B9B683B4A77
S1135400128898180E23FB181A88394B1900394B47
S11354109847364B1A880E23FB181B88D3189AB268
S1135420324B1A800E23FB181B88402B0AD12E4BBB
S1135430DB881A00304B1B8819002C4B1B88CB18B7
S11354409A421BDC294B1A88274B9A81264B5B69AD
S1135450002B10D0244B5B69984703001A000123EA
S11354605340DBB2002B06D0244B05221A700020D7
S1135470234B984735E0234B984732E01A4B9A89DF
S11354801A4B1B889A4226D1174B5B69002B06D115
S11354901A4B05221A700020194B984721E0124B31
S11354A05B69984703001A0001235340DBB2002BC9
S11354B006D0124B05221A700020114B984710E0B9
S11354C00D4B1A88094B1B88D3189AB20A4B1A80C1
S11354D0064B00221A80064A0B48402300210B4C3D
S11354E0A047BD4605B090BD740B0020BA03002050
S11354F08C0B0020E1B50000B8030020B6030020A7
S1135500214D00008D5200000C0A0020F96E0000AD
S113551090B585B000AF786039603B68FB60294B7B
S11355201B78002B09D0284B1B69002B02D0264B7B
S11355301B699847234B00221A70FB681B88082BB1
S113554002D0224B98473AE0214B9847214B984789
S113555003001A0001235340DBB2002B02D01B4B83
S113556098472CE0184B1B785BB2002B11DA1A4BCE
S113557000221A80194B00221A80124B02221A7040
S1135580174A184840230021174CA047174B984747
S113559015E00D4BDB88002B02D1154B98470EE02C
S11355A00D4B00221A800D4B00221A80054B01225C
S11355B01A700B4A0B48402300210B4CA047BD46F0
S11355C005B090BDB6030020740B0020954E00007A
S11355D02152000091430000B8030020BA030020C8
S11355E08C0B00200C0A0020F96E0000D152000040
S11355F08D52000080B584B000AF78607B68FB609A
S11356000A4B1B78012B02D1094B98470AE0074B40
S11356101B78042B06D1FB689A79064B11001800FD
S1135620054B9847C046BD4604B080BDB603002074
S11356308D5200000C0A0020BD6C000080B584B0BF
S113564000AF78607B68FB600B4B1B78022B03D1A7
S1135650094B04221A700AE0074B1B78032B06D16E
S1135660FB689A79054B11001800054B9847C04612
S1135670BD4604B080BDC046B60300200C0A00201D
S1135680BD6C000080B584B000AF786039603B68C1
S1135690FB60FB689B795BB2002B04DA3B68180063
S11356A0054B984703E03B681800044B9847C046F5
S11356B0BD4604B080BDC046F55500003D5600000F
S11356C080B582B000AF786039600F4B1B78012B36
S11356D004D13B6818000D4B984710E00A4B1B7827
S11356E0022B02D10A4B984709E00A4B1B69002B95
S11356F002D0084B1B699847034B00221A70C0461E
S1135700BD4602B080BDC046B6030020BD530000B4
S1135710D1520000740B002090B585B000AF7860C2
S11357200C23FB1818001F4B98470C23FB1803226B
S11357305A700C23FA187B68110018001A4B98470A
S11357401A4A7B6811001800194B9847194B78685E
S113575002220021184CA047184B7868002200212F
S1135760154CA047164B786801220021124CA04723
S11357707B68022200211800124B98477B680022A4
S1135780002118000F4B98477B6801220021180064
S11357900C4B98470C4B00221A70C046BD4605B00E
S11357A090BDC0462D660000556600008C0B00209D
S11357B0A96F000011550000F5610000C1560000FA
S11357C085560000ED620000B603002080B582B06B
S11357D000AF78603960094B04211800084B9847E2
S11357E0064B02211800074B98470120064B9847A7
S11357F0064B9847C046BD4602B080BD0C0A002047
S1135800A161000045610000DD4500004121000068
S113581080B582B000AF78603960034B9847C046CA
S1135820BD4602B080BDC046C93A000080B582B012
S113583000AF78603960074B98477B6800211800F7
S1135840054B98477B681800044B9847C046BD46F3
S113585002B080BD693A0000794500001957000084
S113586080B582B000AF786039600A4B98470A4B24
S113587002211800094B9847074B04211800084BD4
S113588098470320074B9847074B9847C046BD46A7
S113589002B080BDA14500000C0A0020A1610000F7
S11358A045610000DD4500004B21000080B500AFDC
S11358B003201A4B98471A4B18001A4B98471A4A58
S11358C0174B04211800194B9847194A144B00210F
S11358D01800164B9847174A114B01211800134B17
S11358E09847154A0E4B02211800104B98470C4B51
S11358F004211800114B9847094B002118000F4B45
S11359009847074B012118000C4B9847044B022180
S113591018000A4B9847C046BD4680BDDD450000CF
S11359200C0A002039450000CD570000F560000046
S1135930115800002D580000615800004561000016
S113594080B582B000AF114B984703007B603B00E9
S113595018000F4B98473B0001229A703A000D49FA
S11359600D4B18000D4B98470B4B18000C4B9847E8
S11359700C4B984701200C4B98477B6818000B4B45
S11359809847C046BD4602B080BDC04621440000D1
S1135990D9750000005000410C0A00200176000077
S11359A071750000A1450000DD4500006944000058
S11359B080B582B000AF78607B6800221A70C04660
S11359C0BD4602B080BD000080B582B000AF0200C9
S11359D03960FB1D1A70FB1D1B78012B0AD0022BAA
S11359E00FD0002B14D10E4B0D4A91693A680A432B
S11359F09A610FE00A4B0A4AD1693A680A43DA61AC
S1135A0008E0074B064A116A3A680A431A6201E041
S1135A10172300E000231800BD4602B080BDC04635
S1135A200004004080B582B000AF78607B688022BB
S1135A301A707B6800225A707B6801229A707B6816
S1135A400022DA70C046BD4602B080BD80B582B087
S1135A5000AF0200FB1D1A70064BFA1D12781100EC
S1135A601F220A40012191400A001A60C046BD4627
S1135A7002B080BD00E100E080B582B000AFA44B6D
S1135A801B681B681B8C9BB2002B0AD0A04B1B68A5
S1135A901B681B8C9BB21A009E4B10009847030096
S1135AA000E020237B607B681F2B00D904E2984B25
S1135AB01B681A687B6808335B01D31807331B78AB
S1135AC0DBB23B603B680322134000D188E0012233
S1135AD07B689A401300DB431A008F4B1B681A4003
S1135AE08D4B1A608A4B1B681A687B6808335B010C
S1135AF0D318073303221A70854B1A68AE217B68CA
S1135B00D3185B181B781A000123134068D07B68F4
S1135B10DAB2824B1A707E4B1B681B687A680832B3
S1135B205201D35C9B079B0FDBB2012B1ED17C4A35
S1135B307B685B01D3185B689B049B0C9BB21A00C7
S1135B40764B5A80764A7B685B01D3185B681B01ED
S1135B509B0C9BB21A00714B9A80714A7B685B0163
S1135B60D3185A68920B92035A602CE06C4A7B68F3
S1135B705B01D3185B681B019B0C9BB21A00674B3B
S1135B805A80674A7B685B01D3185B689B049B0C53
S1135B909BB21A00614B9A80614A7B685B01D318FF
S1135BA05A6860490A405A605C4B5B88002B0AD1F2
S1135BB05B4A7B685B01D3185B689B049B0C9BB2BC
S1135BC01A00564B5A80524B1A687B6802331B01E9
S1135BD0D31804331A684E4B1B6850491800904779
S1135BE03B680422134000D1AFE0494B1B681B689B
S1135BF07A6808325201D35C9B065B0FDBB2022B3E
S1135C0051D1434B1B681B687A6808325201D35C3C
S1135C109B079B0FDBB2012B45D1414A7B685B019B
S1135C20D31808339B78DB07DB0FDBB2002B3AD0A9
S1135C3001227B689A401300DB431A00364B1B6831
S1135C401A40354B1A60364A7B685B01D3180A3315
S1135C5000221A702E4B1B681A687B6808335B019C
S1135C60D318073304221A70294B1A68AE217B68B3
S1135C70D3185B181B781A000223134065D07B6885
S1135C80DAB2264B1A70254B10225A70204B1A6830
S1135C907B681B01D31828331A681D4B1B681F49E6
S1135CA01800904751E01A4B1B681B687A68083249
S1135CB05201D35C9B065B0FDBB2032B34D1144B34
S1135CC01B681B687A6808325201D35C9B079B0FE0
S1135CD0DBB2012B28D1124A7B685B01D3180A334B
S1135CE000221A700A4B1B681A687B6808335B0130
S1135CF0D318073304221A70054B1B681A687B6893
S1135D0008335B01D318053310221A701DE0C04616
S1135D10600400202DB300007804002064040020F7
S1135D20CC0B0020FF3F00F0834A7B685B01D31853
S1135D300A3300221A70814B1B681A687B68083387
S1135D405B01D318073304221A703B6808221340FE
S1135D503CD001227B689A401300DB431A00784B45
S1135D601B681A40764B1A60744B1B681A687B6870
S1135D7008335B01D318073308221A706F4B1A6873
S1135D80AE217B68D3185B181B781A0002231340DA
S1135D901CD07B68DAB26B4B1A70674A7B685B0174
S1135DA0D3180E331B889BB2DBB21F221340DAB226
S1135DB0644B5A70614B1A687B681B01D3182833F3
S1135DC01A685E4B1B685F49180090473B681022B5
S1135DD013403AD001227B689A401300DB431A0037
S1135DE0574B1B681A40564B1A60544B1B681A6871
S1135DF07B6808335B01D318073310221A704F4BAA
S1135E001A68AE217B68D3185B181B781A00042328
S1135E1013401AD07B68DAB24A4B1A70464A7B6840
S1135E205B01D3185B681B019B0C9BB21A00454BAA
S1135E305A80424B1A687B681B01D3182C331A68AA
S1135E403E4B1B680021180090473B6820221340FA
S1135E5000D146E101227B689A401300DB431A001B
S1135E60374B1B681A40364B1A60344B1B681A6850
S1135E707B6808335B01D318073320221A702F4B39
S1135E801A68AE217B68D3185B181B781A000823A4
S1135E90134000D125E17B68DAB22A4B1A70274BF4
S1135EA01A687B681B01D31830331A68234B1B68AC
S1135EB024491800904714E1204B1B681B689B8BF6
S1135EC09BB23B603B680422134053D01B4B1B68BE
S1135ED01B6804229A8301237B6039E001227B68DA
S1135EE09A4013001A00164B1B68134022D0134B20
S1135EF01B681B687A6808325201D35C9B065B0FEF
S1135F00DBB2032B20D10D4B1B681B687A68083267
S1135F105201D35C9B079B0FDBB2012B14D1074BBF
S1135F201B681A687B6808335B01D318043310229A
S1135F301A700AE0C04608E0CC0B00206004002080
S1135F407804002064040020C0467B6801337B6031
S1135F507B68072BC2D9654B1B68A5229B5C1A0082
S1135F600123134006D0614B1B685A685F4B1B68C2
S1135F70180090473B680822134016D05C4B00225F
S1135F801A605A4B1B681B6808229A83574B1B687C
S1135F90A5229B5C1A000223134006D0534B1B68B6
S1135FA09A68524B1B68180090473B684022134084
S1135FB013D04E4B1B681B6840229A834B4B1B68C3
S1135FC0A5229B5C1A001023134006D0474B1B6884
S1135FD05A69464B1B68180090473B6820221340BF
S1135FE013D0424B1B681B6820229A833F4B1B68CB
S1135FF0A5229B5C1A000823134006D03B4B1B6868
S11360001A693A4B1B68180090473B6810221340EA
S113601013D0364B1B681B6810229A83334B1B68C2
S1136020A5229B5C1A000423134006D02F4B1B6847
S1136030DA682E4B1B68180090473B688022134097
S113604016D02B4B00221A60284B1B681B68802239
S11360509A83264B1B68A5229B5C1A0020231340BD
S113606006D0224B1B689A69204B1B681800904786
S11360703A6880235B00134017D01D4B00221A603E
S11360801A4B1B681B68802252009A83174B1B68AB
S1136090A5229B5C1A004023134006D0134B1B68B7
S11360A0DA69124B1B68180090473A6880239B00FA
S11360B0134016D00E4B00221A600C4B1B681B6851
S11360C0802292009A83094B1B68A5229B5C5BB2D9
S11360D0002B06DA054B1B681A6A044B1B68180070
S11360E09047C046BD4602B080BDC0466004002053
S11360F07804002080B584B000AFF8607A600B2388
S1136100FB180A1C1A700B23FB181A78FB682E3232
S113611092007968D150FA68AA235B00D25A0B2303
S1136120FB181978064B4900CB5A134399B2FA6805
S1136130AA235B00D15200231800BD4604B080BDE1
S113614070B8000080B582B000AF78600A00FB1C14
S11361501A707B681B68FA1C1178104A49008A5A25
S11361609A837A68AB235B00D25AFB1C19780B4BD9
S11361704900CB5A134399B27A68AB235B00D152DE
S11361807B681B68FA1C1178044A49008A5A1A83EE
S113619000231800BD4602B080BDC04670B80000A0
S11361A080B582B000AF78600A00FB1C1A707A6870
S11361B0AB235B00D35A1BB2FA1C11780C4A49007A
S11361C08A5A12B2D24312B213401BB299B27A68FD
S11361D0AB235B00D1527B681B68FA1C1178044A1C
S11361E049008A5A9A8200231800BD4602B080BD35
S11361F070B8000080B584B000AFF86008001100EA
S11362007B600B23FB18021C1A700A23FB180A1C60
S11362101A700B23FB1819780A23FB181B78FA68E9
S11362208900CB1834339B00D31804337A681A607E
S11362300B23FB181A780B23FB181978F868AC2386
S11362405B004118CB1819780A23FB181B780848FF
S1136250C35C0B43D8B2F968AC235B008A18D3182B
S1136260021C1A7000231800BD4604B080BDC0464D
S113627080B8000080B582B000AF786008001100DB
S1136280FB1C021C1A70BB1C0A1C1A70FB1C19781C
S1136290BB1C1B787A688900CB1834339B00D31855
S11362A0043300221A60FB1C1A78FB1C19787868E6
S11362B0AC235B004118CB181B785BB2B91C09787E
S11362C00948415C49B2C94349B20B405BB2D8B2F8
S11362D07968AC235B008A18D318021C1A70002357
S11362E01800BD4602B080BD80B8000080B584B0FF
S11362F000AF786008001100FB1C021C1A70BB1C64
S11363000A1C1A700F23FB18FA1C12780F210A407A
S11363101A700F23FB181A780F23FB181978786862
S1136320B0235B004118CB181978BB1C1B78554867
S1136330C35C0B43D8B27968B0235B008A18D318C6
S1136340021C1A70BB1C1B78002B2FD10F23FB18C7
S11363501B78002B0CD17B6819680F23FB181A7863
S11363600A23FF3352018A18D31803221A701DE03E
S1136370FB1C1B785BB2002B0CDA7B6819680F23BB
S1136380FB181A780A23FF3352018A18D318022201
S11363901A700BE07B6819680F23FB181A780A231C
S11363A0FF3352018A18D31801221A70BB1C1B78C0
S11363B0012B2FD10F23FB181B78002B0CD17B68EA
S11363C019680F23FB181A780A23FF3352018A181D
S11363D0D3180C221A701DE0FB1C1B785BB2002B37
S11363E00CDA7B6819680F23FB181A780A23FF3329
S11363F052018A18D31808221A700BE07B681968B6
S11364000F23FB181A780A23FF3352018A18D31872
S113641004221A70BB1C1B78022B0BD17B681968F1
S11364200F23FB181A780A23FF3352018A18D31852
S113643010221A70BB1C1B78032B1DD1FB1C1B786C
S11364405BB2002B0CDA7B6819680F23FB181A78EF
S11364500A23FF3352018A18D31840221A700BE022
S11364607B6819680F23FB181A780A23FF3352013B
S11364708A18D31820221A7000231800BD4604B0CD
S113648080BDC04680B8000080B584B000AF78609D
S113649008001100FB1C021C1A70BB1C0A1C1A7099
S11364A00F23FB18FA1C12780F210A401A700F23CD
S11364B0FB181A780F23FB1819787868B0235B004F
S11364C04118CB181B785BB2B91C09785648415C5B
S11364D049B2C94349B20B405BB2D8B27968B02320
S11364E05B008A18D318021C1A70BB1C1B78002B83
S11364F02FD10F23FB181B78002B0CD17B68196854
S11365000F23FB181A7884235B0052018A18D318CE
S113651003221A701DE0FB1C1B785BB2002B0CDA03
S11365207B6819680F23FB181A7884235B005201D7
S11365308A18D31802221A700BE07B6819680F239B
S1136540FB181A7884235B0052018A18D31801229D
S11365501A70BB1C1B78012B2FD10F23FB181B783F
S1136560002B0CD17B6819680F23FB181A7884233D
S11365705B0052018A18D3180C221A701DE0FB1C10
S11365801B785BB2002B0CDA7B6819680F23FB18AD
S11365901A7884235B0052018A18D31808221A70CF
S11365A00BE07B6819680F23FB181A7884235B00BF
S11365B052018A18D31804221A70BB1C1B78022BB0
S11365C00BD17B6819680F23FB181A7884235B00AE
S11365D052018A18D31810221A70BB1C1B78032B83
S11365E01DD1FB1C1B785BB2002B0CDA7B6819688D
S11365F00F23FB181A7884235B0052018A18D318DE
S113660040221A700BE07B6819680F23FB181A7874
S113661084235B0052018A18D31820221A700023A5
S11366201800BD4604B080BD80B8000080B582B0BB
S113663000AF78607B6800221A707B6800225A7071
S11366407B6800229A707B680122DA70C046BD46DE
S113665002B080BD90B585B000AF786039603B680A
S11366601A780F23FB180F210A401A703B681B7815
S11366705BB2DBB2DB09DAB20E23FB181A703B689B
S1136680DB78042B00D900E29A00E44BD3181B6892
S11366909F467B681B680F22BA1812780832520191
S11366A00021D154002349E27B681B680F22BA18E9
S11366B0127808325201D35CDBB21A00072313406C
S11366C030D17B681B680F22BA1812780832520145
S11366D0D35CDBB21A007023134023D17B681B68A0
S11366E00F22BA181278083252011121D1547B6852
S11366F01A680F23FB181B7808335B01D318053382
S113670040221A707B681A680F23FB181B78083321
S11367105B01D318043380221A703B689B78002BEA
S113672002D128E01C2309E20F23FB1818780F2359
S1136730FB181B78BA4A5B01D31804331B68802208
S113674012061A43B6494301CB1804331A600F23C7
S1136750FB1818780F23FB181B78B14A5B01D31878
S113676014331B68802212061A43AD494301CB1827
S113677014331A6023E00F23FB1818780F23FB1837
S11367801B78A74A5B01D31804331B685B005A08C3
S1136790A3494301CB1804331A600F23FB1818785C
S11367A00F23FB181B789E4A5B01D31814331B6814
S11367B05B005A089A494301CB1814331A600F231B
S11367C0FB181B783A685278111C07220A40D1B290
S11367D0934A5B01D3185A6807200140090791487E
S11367E002400A435A600F23FB181B783A68527818
S11367F0111C07220A40D1B2894A5B01D318103315
S11368005A68072001400907864802400A435A6033
S1136810002393E10E23FB181B78002B30D07B68F8
S11368201B680F22BA18127808325201D35CDBB20B
S11368301A007023134021D17B681A680F23FB18B8
S113684019787B681B680F203818007808304001DD
S1136850C35CDBB220200343D8B20B0008335B01D6
S1136860011C99547B681A680F23FB181B780833A2
S11368705B01D318043380221A7007E11C235DE105
S11368807B681B680F22BA18127808325201D35C55
S1136890DBB21A000723134021D17B681A680F2347
S11368A0FB1819787B681B680F20381800780830AB
S11368B04001C35CDBB202200343D8B20B000833AF
S11368C05B01011C99547B681A680F23FB181B7821
S11368D008335B01D318053340221A70D6E01C2319
S11368E02CE10E23FB181B78002B30D07B681B682F
S11368F00F22BA18127808325201D35CDBB21A00A4
S11369007023134021D17B681A680F23FB18197870
S11369107B681B680F203818007808304001C35C7E
S1136920DBB230200343D8B20B0008335B01011CF7
S113693099547B681A680F23FB181B7808335B0192
S1136940D318043380221A70A0E01C23F6E07B687D
S11369501B680F22BA18127808325201D35CDBB2DA
S11369601A000723134021D17B681A680F23FB18F0
S113697019787B681B680F203818007808304001AC
S1136980C35CDBB203200343D8B20B0008335B01C2
S1136990011C99547B681A680F23FB181B78083371
S11369A05B01D318053340221A706FE01C23C5E045
S11369B00E23FB181B78002B36D07B681B680F2234
S11369C0BA18127808325201D35CDBB21A00702371
S11369D0134021D17B681A680F23FB1819787B6850
S11369E01B680F203818007808304001C35CDBB204
S11369F040200343D8B20B0008335B01011C9954B7
S1136A007B681A680F23FB181B7808335B01D318C3
S1136A10043380221A7039E01C238FE084B800000C
S1136A20CC0B0020FFFFFF8F7B681B680F22BA1876
S1136A30127808325201D35CDBB21A0007231340E8
S1136A4021D17B681A680F23FB1819787B681B68AF
S1136A500F203818007808304001C35CDBB20420F2
S1136A600343D8B20B0008335B01011C99547B68C3
S1136A701A680F23FB181B7808335B01D3180533FE
S1136A8040221A7002E01C2358E0C0460F23FB1872
S1136A9018780E23FB181B783A685278111C0722C9
S1136AA00A40D1B2274A4000C3181B01D3185A68C0
S1136AB0072001400907244802400A435A603B6802
S1136AC09B78002B1DD00F23FB181C780E23FB187A
S1136AD018780F23FB1819780E23FB181B78194A12
S1136AE04900CB181B01D31804331B6880221206FB
S1136AF01A43144963001B181B01CB1804331A6092
S1136B001BE00F23FB181C780E23FB1818780F23A7
S1136B10FB1819780E23FB181B780A4A4900CB1876
S1136B201B01D31804331B685B005A080549630032
S1136B301B181B01CB1804331A6000231800BD4630
S1136B4005B090BDCC0B0020FFFFFF8F80B584B053
S1136B5000AF78600A00FB1C1A700E23FB18FA1CA5
S1136B6012780F210A401A70FB1C1B785BB2002BB1
S1136B700EDA7B681B680E22BA18127808325201AA
S1136B80D35C5B065B0FDAB20F23FB181A700DE0BF
S1136B907B681B680E22BA18127808325201D35C43
S1136BA05B075B0FDAB20F23FB181A700F23FB1875
S1136BB01B785A1E9341DBB21800BD4604B080BD59
S1136BC080B584B000AF78600A00FB1C1A700F23F4
S1136BD0FB18FA1C12780F210A401A70FB1C1B7850
S1136BE05BB2002B16DA7B681A680F23FB181B783C
S1136BF008335B01D318043380221A707B681A6847
S1136C000F23FB181B7808335B01D31807330222C8
S1136C101A7015E07B681A680F23FB181B78083379
S1136C205B01D318053340221A707B681A680F235E
S1136C30FB181B7808335B01D318073301221A7041
S1136C40C046BD4604B080BD80B584B000AF786056
S1136C500A00FB1C1A700F23FB18FA1C12780F2170
S1136C600A401A70FB1C1B785BB2002B11DA7B689C
S1136C701A680F23FB181B7808335B01D3180633FB
S1136C801B78DBB21A00202313405A1E9341DBB257
S1136C9010E07B681A680F23FB181B7808335B012C
S1136CA0D31806331B78DBB21A00102313405A1E84
S1136CB09341DBB21800BD4604B080BD80B584B0FA
S1136CC000AF78600A00FB1C1A700F23FB18FA1C33
S1136CD012780F210A401A70FB1C1B785BB2002B40
S1136CE00BDA7B681A680F23FB181B7808335B01E7
S1136CF0D318053320221A700AE07B681A680F2320
S1136D00FB181B7808335B01D318053310221A7063
S1136D10C046BD4604B080BD80B584B000AF786085
S1136D200A00FB1C1A700F23FB18FA1C12780F219F
S1136D300A401A70FB1C1B785BB2002B3FDA7B689D
S1136D401A680F23FB181B7808335B01D31806332A
S1136D501B78DBB21A00202313406FD07B681A68BB
S1136D600F23FB181B7808335B01D318043320224C
S1136D701A707B681A680F23FB181B7808335B01B1
S1136D80D31807331B78DBB21A004023134055D0C5
S1136D907B681A680F23FB181B7808335B01D31830
S1136DA0073340221A707B681A680F23FB181B787C
S1136DB008335B01D318043302221A703EE07B6867
S1136DC01A680F23FB181B7808335B01D3180633AA
S1136DD01B78DBB21A00102313402FD07B681A688B
S1136DE00F23FB181B7808335B01D31804331022DC
S1136DF01A707B681A680F23FB181B7808335B0131
S1136E00D31807331B78DBB21A002023134015D0A4
S1136E107B681A680F23FB181B7808335B01D318AF
S1136E20073320221A707B681A680F23FB181B781B
S1136E3008335B01D318043301221A70C046BD46DF
S1136E4004B080BD80B586B000AFF8607A603B6066
S1136E500B23FB180A1C1A70FB681B680B22BA1858
S1136E60127808325201D35C5B065B0FDAB2172347
S1136E70FB181A701723FB181B78002B01D11C2355
S1136E8032E00B23FB181B787A6819495B01CB1895
S1136E9010331A600B23FB181B78154A5B01D318B7
S1136EA010335A6813490A405A600B23FB181B78A5
S1136EB03A6892B29204920C91B20D4A5B01D318D3
S1136EC010335A688904890C920B92030A435A605E
S1136ED0FB681A680B23FB181B7808335B01D31873
S1136EE0053380221A7000231800BD4606B080BD09
S1136EF0CC0B0020FF3F00F080B586B000AFF860F7
S1136F007A603B600B23FB180A1C1A70FB681B6831
S1136F100B22BA18127808325201D35C5B075B0F5C
S1136F20DAB21723FB181A701723FB181B78002BEF
S1136F3001D11C232FE00B23FB181A787968184B16
S1136F405201D1500B23FB181B783A6892B2920479
S1136F50920C91B2124A5B01D3185A688904890CC5
S1136F608903104802400A435A600B23FB181B781C
S1136F700B4A5B01D3185A68920B92035A60FB6860
S1136F801A680B23FB181B7808335B01D3180433EE
S1136F9040221A7000231800BD4606B080BDC046CA
S1136FA0CC0B0020FF3F00F080B582B000AF7860CA
S1136FB039603A680C4B1A600B4B5A680B490A400B
S1136FC0802189020A435A60074B5A68920B920344
S1136FD05A607B681A6882235B004021D1540023E5
S1136FE01800BD4602B080BDCC0B0020FF3F00F06E
S1136FF080B584B000AFBD4B1B681A680823FB182A
S1137000128C1A800823FB181B88002B55D1B74B10
S11370101B681A68BB1D928B1A80B44B1A68AB2389
S11370205B00D35ABA1D128813409AB2AF4B196849
S1137030AA235B00C95A3B1D0A401A800023FB6047
S113704037E0AB4BFA685200D35ABA1D128813408A
S11370509BB2002B07D0A54B1B681B68A44AF96898
S113706049008A5A9A83A24BFA685200D35A3A1DAD
S1137070128813409BB2002B18D0FB68062B0AD150
S11370809C4B1B895B045B0D9BB21A0080235B0045
S11370901A40994B1A60954B1B68FA682E3292007D
S11370A0D258924B1B68944918009047FB680133EF
S11370B0FB60FB68062BC4DD50E20B23FB180022A7
S11370C01A703BE20823FB181A880B23FB181B7861
S11370D01A4113000122134000D128E2834B1B689C
S11370E01A680B23FB181B7808335B01D31807338A
S11370F01B78DAB2BB1D1A807C4B19680B23FB1872
S11371001A78B0235B008A18D3181B789BB2BA1D77
S1137110128813409BB21AB2744B18680B23FB18E5
S11371201978AC235B004118CB181B781BB21340B1
S11371301AB23B1D1A80BB1D1B88602213405CD011
S11371406A4B1B681A680B23FB181B7808335B0116
S1137150D31807331B78DBB21A004023134015D031
S1137160624B1B681A680B23FB181B7808335B01FE
S1137170D318073340221A700B23FB181B78802284
S113718052421343DAB25D4B9A7120E0574B1B68AD
S11371901A680B23FB181B7808335B01D3180733D9
S11371A01B78DBB21A002023134010D04F4B1B680E
S11371B01A680B23FB181B7808335B01D3180733B9
S11371C020221A704D4B0B22BA1812789A713B1D6B
S11371D01B886022134000D1B7E1444B1A680B238B
S11371E0FB181B78E0211B01D3185B181A683F4B6E
S11371F01B68424918009047A7E1BB1D1B88102259
S1137200134038D0394B1B681A680B23FB181B78C2
S113721008335B01D318073310221A70334B1968F3
S11372200B23FB181A78B0235B008A18D3181B7839
S113723010221340DBB2002B00D188E10B23FB1892
S11372401B782C4A5B01D3185B689B049B0C9BB294
S11372501A002A4B1A80254B1A680B23FB181B783B
S1137260DC211B01D3185B181A68204B1B682349C7
S1137270180090476BE1BB1D1B880322134000D10B
S11372808FE01A4B1B681A680B23FB181B78083312
S11372905B01D31807331B78DBB21A0002231340B7
S11372A02ED0124B1B681A680B23FB181B7808336B
S11372B05B01D318073302221A700B23FB181B78C7
S11372C0802252421343DAB20C4B9A710B23FB18FF
S11372D01B78084A5B01D31810335B689B049B0C32
S11372E09BB21A00054B5A8045E0C046600400205A
S11372F070B80000CC0B00206C0400207004002047
S1137300984B1B681A680B23FB181B7808335B0126
S1137310D31807331B78DBB21A00012313402AD099
S1137320904B1B681A680B23FB181B7808335B010E
S1137330D318073301221A708B4B0B22BA18127818
S11373409A710B23FB181B78884A5B01D3185B687E
S11373509B049B0C9BB21A00834B1A800B23FB18D3
S11373601B78824A5B01D3185B681B019B0C9BB2A0
S11373701A007D4B9A803B1D1B880322134000D1C9
S1137380E7E0784B1A680B23FB181B780D331B01BD
S1137390D31804331A68734B1B6873491800904759
S11373A0D7E0BB1D1B880C22134000D1BFE06D4BFE
S11373B01B681A680B23FB181B7808335B01D3186E
S11373C007331B78DBB21A000823134047D0654B00
S11373D01B681A680B23FB181B7808335B01D3184E
S11373E0073308221A700B23FB181B785F4A5B01D2
S11373F0D3181A331B78DBB21A000223134014D0BB
S11374000B23FB181B780B22BA1812785749520128
S11374108A181A321278D2B202218A43D1B2534A5C
S11374205B01D3181A330A1C1A700B23FB181B7840
S1137430802252421343DAB24B4B9A71494B1B6878
S11374401A680B23FB181B7808335B01D318073326
S11374501B78DBB21A000223134053D07EE0414B69
S11374601B681A680B23FB181B7808335B01D318BD
S113747007331B78DBB21A000423134042D0394B84
S11374801B681A680B23FB181B7808335B01D3189D
S1137490073304221A700B23FB181B78334A5B0151
S11374A0D3180A331B78DBB21A000223134014D01A
S11374B00B23FB181B780B22BA1812782B495201A4
S11374C08A180A321278D2B202218A43D1B2274AE8
S11374D05B01D3180A330A1C1A70234B0B22BA1807
S11374E012789A711F4B1B681A680B23FB181B78C0
S11374F008335B01D31807331B78DBB21A0001236E
S1137500134028D13B1D1B880C22134025D0154B5A
S11375101A680B23FB181B78D8211B01D3185B189E
S11375201A68104B1B6810491800904715E00B238C
S1137530FB181A780B23FB1801321A700B23FB1863
S11375401B78072B00D8BDE508E0C04606E0C0461E
S113755004E0C04602E0C04600E0C046BD4604B0B8
S113756080BDC0466004002070040020CC0B0020C5
S113757080B582B000AF78607B681A687B681B684E
S11375801B78DBB202210B43DBB21370C0467B686D
S11375901B689B78DBB2022BF9D0C046BD4602B013
S11375A080BD000080B500AF084B1B681B681B78CA
S11375B01B06DB0FDBB2002B02D0054B984701E022
S11375C0044B9847C046BD4680BDC04660040020B9
S11375D0795A0000F16F000080B582B000AF786086
S11375E07B6800221A707B6801225A707B68002233
S11375F09A707B680122DA70C046BD4602B080BD35
S113760080B58CB000AFF860B9607A60C44B0022DA
S11376101A60C44BFA681A60FB68BA681A602021C1
S11376200120C14B98471823FB181800BF4B9847FB
S11376301823FB1806221A701823FB1819001820A7
S1137640BB4B98471823FB1806221A701823FB1803
S113765019001920B64B98471423FB181800B54B92
S113766098477B689A781423FB181A701423FB1824
S113767019000620B04B98470620B04B9847BA68CB
S1137680137801210B431370C046BB689B78DB075A
S1137690DB0FDBB2002BF8D1A94AD37803218B434B
S11376A0191C02230B43D370A54AD3780C218B43B6
S11376B0191C08230B43D370A24B1B685B0B1F22BE
S11376C013407B627B6A1F2B01D105237B627B6A9B
S11376D0DBB21A1C1F231340D9B2BA68138D081CDD
S11376E01F210140880198490B40191C031C0B43BE
S11376F01385944B1B689B0C1F2213403B623B6A0F
S11377001F2B01D11D233B623B6ADBB21A1C1F23D2
S11377101340D9B2BA68138D081C1F2108401F21D9
S11377208B43191C031C0B431385864B1B68DB0D11
S113773007221340FB61FB69072B01D10323FB6183
S1137740FB69DBB21A1C07231340D9B2BA68138D44
S1137750081C0721014008037C490B40191C031C29
S11377600B4313857B681978BA681378C8017F21A5
S11377700B40191C031C0B4313707B685978BA68BF
S1137780137801200140880004218B43191C031C39
S11377900B4313706E4ABB685A627B68DB78012B1B
S11377A006D1FB681A6813890C218B4313810CE002
S11377B07B68DB78002B08D1FB681A6813890C21DD
S11377C08B43191C04230B43138180235A00604B01
S11377D0002118005F4B98470023FB6209E0FA6818
S11377E0FB6A9B00D318043300221A60FB6A01333E
S11377F0FB62FB6A072BF2D90023FB6216E000232D
S1137800BB620DE0FA68FB6A9900BB6ACB180833C7
S11378109B00D318043300221A60BB6A0133BB6295
S1137820BB6A032BEED9FB6A0133FB62FB6A072BAD
S1137830E5D9FB68A42200219954FB68A522002104
S113784099540023FB6210E0FA68A621FB6AD3185E
S11378505B1800221A70FA68AE21FB6AD3185B1811
S113786000221A70FB6A0133FB62FB6A072BEBD917
S11378700023FB6208E0FB68FA6A2E3292000021C2
S1137880D150FB6A0133FB62FB6A062BF3D9002358
S1137890FB6216E00023BB620DE0FA68FB6A990004
S11378A0BB6ACB1834339B00D318043300221A600C
S11378B0BB6A0133BB62BB6A032BEED9FB6A01339B
S11378C0FB62FB6A072BE5D9FA68AA235B00002157
S11378D0D152FA68AB235B000021D1520023BB6272
S11378E012E0F968AC235B00BA6A8A18D318002244
S11378F01A70F968B0235B00BA6A8A18D318002298
S11379001A70BB6A0133BB62BB6A072BE9D9072033
S1137910114B984700231800BD460CB080BDC046EB
S11379207804002060040020C9590000255A000092
S113793059AB0000B15900006DA80000B1A80000C7
S113794000500041246080003FF8FFFFFF8FFFFFDD
S1137950CC0B0020F3B500004D5A000080B586B072
S113796000AF7860284B7A689200D3587B617B69BA
S11379701B683B610E23FB187A69528A1A807B6963
S11379801B8A9AB20E23FB180E21791809880A4023
S11379901A803B691B7ADAB20C23FB181A803B6904
S11379A0DB79DBB29AB20C23FB180C217918098815
S11379B00A401A800C23FB181B88802213400CD029
S11379C00E23FB181B880222134002D07B69DB685C
S11379D098473B6980221A7211E00C23FB181B881C
S11379E0012213400BD00E23FB181B8801221340E5
S11379F002D07B699B6898473B6901221A72C04692
S1137A00BD4606B080BDC046CC0C002080B500AF9A
S1137A100020024B9847C046BD4680BD5D790000FA
S1137A2080B582B000AF78607B6800221A70C046CF
S1137A30BD4602B080BD80B586B000AFF860B960C5
S1137A407A601623FB1800221A80BB683B61BB686E
S1137A505A08FB689A4201D2402326E0BB685B08BF
S1137A603B610AE03A69FB68D31A3B611623FB18B1
S1137A701A881623FB1801321A803A69FB689A4265
S1137A80F0D21623FB181622BA181288013A1A806B
S1137A901623FB181B88FF2B01D9402305E07B68C4
S1137AA01622BA1812881A8000231800BD4606B0A0
S1137AB080BD000080B584B000AF0200FB1D1A70C9
S1137AC0BB1D0A1C1A701A4B1B7801225340DBB2EF
S1137AD0002B03D1BB1D1B78002B1BD00C23FB18E0
S1137AE01800144B98470C23FB18FA1D12781A70CF
S1137AF00C23FB18190013200F4B984713200F4B2E
S1137B0098470B4BFA1D12785A70094B01221A70D0
S1137B10002308E0064B5B78FA1D12789A4201D1E3
S1137B20002300E01D231800BD4604B080BDC046FC
S1137B307C040020217A00006DA80000B1A8000098
S1137B4080B582B000AF78600A00FB1C1A707B68B5
S1137B504D4A93423FD04C4A934206D84B4A9342F3
S1137B600FD04B4A934221D089E04A4A934200D134
S1137B705BE0494A934200D16CE0484A93423FD0CB
S1137B807DE0FB1C1B78012B0AD002DC002B05D006
S1137B9075E0022B06D0032B06D070E0404B6FE05B
S1137BA0404B6DE0404B6BE0404B69E0FB1C1B78A5
S1137BB0012B0AD002DC002B05D060E0022B06D09A
S1137BC0032B06D05BE003235AE0394B58E0394BD2
S1137BD056E0394B54E0FB1C1B78012B0AD002DC25
S1137BE0002B05D04BE0022B06D0032B06D046E039
S1137BF0324B45E0324B43E0324B41E0324B3FE005
S1137C00FB1C1B78012B0AD002DC002B05D036E0CC
S1137C10022B06D0032B06D031E02C4B30E02C4B4A
S1137C202EE02C4B2CE02C4B2AE0FB1C1B78012B68
S1137C300AD002DC002B05D021E0022B06D0032B56
S1137C4006D01CE0254B1BE0254B19E0254B17E023
S1137C50254B15E0FB1C1B78012B0AD002DC002B02
S1137C6005D00CE0022B06D0032B06D007E01F4BF7
S1137C7006E01F4B04E01F4B02E01F4B00E0002313
S1137C801800BD4602B080BD00100042000800424A
S1137C90000C004200180042001C00420014004284
S1137CA003000400030005000300060003000700AE
S1137CB00300010003001E0003001F00030008006E
S1137CC00300090003000A0003000B000300100076
S1137CD003001100030012000300130003000C0052
S1137CE003000D0003000E0003000F000300160044
S1137CF003001700030018000300190090B58BB0AF
S1137D0000AF78600C23FB180F4A13CA13C313CABD
S1137D1013C300237B620EE00C23FB187A6A9200E3
S1137D20D3581A007B689A4202D17B6ADBB206E020
S1137D307B6A01337B627B6A052BEDD90023180033
S1137D40BD460BB090BDC04698B8000080B582B067
S1137D5000AF78607B6880221A707B6800225A70BA
S1137D607B6801229A707B680022DA70C046BD46A7
S1137D7002B080BD80B584B000AF0200FB1D1A7054
S1137D800F23FB18FA1D1278D2091A700E23FB1860
S1137D90FA1D127852091A700D4BBB600F23FB18A1
S1137DA01B78002B0FD10F23FB181B789B0010228C
S1137DB09446BC446344083B1A680E23FB181B78A2
S1137DC0DB01D31800E000231800BD4604B080BDD9
S1137DD00044004180B582B000AF0200FB1D1A7060
S1137DE0FB1D1B781800034B984703001800BD4681
S1137DF002B080BD757D000080B584B000AF020084
S1137E00FB1D1A70BB1D0A1C1A70FB1D1B78180081
S1137E100D4B98470300FB60FB1D1B781F2213408A
S1137E2001229A401300BB60BB1D1B78002B03D0BA
S1137E30FB68BA689A6102E0FB68BA685A61C04696
S1137E40BD4604B080BDC046D57D000080B582B07B
S1137E5000AF78607B6800221A70C046BD4602B04D
S1137E6080BD000080B582B000AF02003960FB1D08
S1137E701A70FB1D1B78012B0AD0022B0FD0002B8C
S1137E8014D10E4B0D4A91693A680A439A610FE086
S1137E900A4B0A4AD1693A680A43DA6108E0074B97
S1137EA0064A116A3A680A431A6201E0172300E09D
S1137EB000231800BD4602B080BDC0460004004047
S1137EC080B500AF054B9B78DBB21A000223134048
S1137ED05A1E9341DBB21800BD4680BD002000410C
S1137EE080B582B000AF0200FB1D1A70064BFA1D6C
S1137EF0127811001F220A40012191400A001A60E1
S1137F00C046BD4602B080BD00E100E080B582B04D
S1137F1000AF0200FB1D1A70074AFB1D1B781900F5
S1137F201F230B40012199400B0019008023D150DD
S1137F30C046BD4602B080BD00E100E080B584B01B
S1137F4000AF78607B681B68FB60FB68DB695A1EC6
S1137F509341DBB21800BD4604B080BD80B584B047
S1137F6000AF78607B681B68FB607B681B68180047
S1137F700B4B9847030018000A4B9847C0467B6890
S1137F801800094B9847031EF9D1FB681B680222AD
S1137F901A43FB681A60C046BD4604B080BDC046A3
S1137FA0818D0000E17E00003D7F000080B584B03B
S1137FB000AF78607B681B68FB607B681B681800F7
S1137FC00E4B9847030018000D4B9847C0467B683A
S1137FD018000C4B9847031EF9D1FB688F221A75C1
S1137FE0FB688F221A76FB681B68022293431A00EF
S1137FF0FB681A60C046BD4604B080BD818D000098
S11380000D7F00003D7F000080B584B000AF786034
S11380107B681B68FB60FB681B7EDBB21A000223D3
S113802013405A1E9341DBB21800BD4604B080BD14
S113803080B584B000AF78607B681B68FB60FB6828
S11380401B7EDBB21A00012313405A1E9341DBB29C
S11380501800BD4604B080BD80B584B000AF786020
S11380607B681B68FB60FB681B7EDBB21A00042381
S113807013405A1E9341DBB21800BD4604B080BDC4
S113808080B584B000AF78600A00BB1C1A807B689E
S11380901B68FB607B6818000A4B984703001A00B2
S11380A001235340DBB2002B01D0052306E0BB1CA7
S11380B01B88DB05DA0DFB689A6200231800BD46B5
S11380C004B080BD3180000080B584B000AF78601A
S11380D039607B681B68BB607B6818001B4B984742
S11380E003001A0001235340DBB2002B01D01023FC
S11380F027E00F23FB1800221A70BB685B8B9BB22E
S11381001A000423134006D00F23FB181E221A70F2
S1138110BB6804225A837B689B79012B08D1BB6816
S11381209B6A9BB2DB05DB0D9AB23B681A8005E0C3
S1138130BB689B6ADBB29AB23B681A800F23FB18B8
S11381401B781800BD4604B080BDC04659800000AD
S113815090B589B000AF786039600C23FB18002219
S11381601A807B681B68FB617B681800244B984766
S1138170C0467B681800234B9847031EF9D17B68DF
S11381801B681800204B98470300BB61BB6914337C
S11381907B617B69DBB218001C4B984703003B6191
S11381A00F23FC180C23FA1839693B681800184B84
S11381B09847030023700F23FB181B78002B01D072
S11381C0172318E00C23FB181B88DAB2FB691A7317
S11381D0C0467B6818000B4B9847031EF9D17B6897
S11381E018000C4B9847C0467B681800054B98470D
S11381F0031EF9D100231800BD4609B090BDC04646
S1138200AD7F00003D7F0000FD7C000091A90000CF
S1138210377A00005D7F000090B593B000AF7860BE
S113822039607B681B687B637B681B683B631C232A
S1138230FB181800754B98471C23FB1800225A7032
S11382403B681B78002B03D11C23FB1800229A7077
S11382503B689A6A0C23FB181A603B68DA6A0C23A1
S1138260FB185A603B681A6B0C23FB189A603B6836
S11382705A6B0C23FB18DA604723FB1800221A7090
S11382802CE04723FB181A780C23FB189200D358D0
S11382903B643B6C002B09D14723FB181A783B6BDA
S11382A0110018005A4B984703003B643B6C0133A0
S11382B00DD03B6CDAB21C23FB181A703B6C1B0C00
S11382C0DBB21C22BA1811001800524B98474723FE
S11382D0FB181A784723FB1801321A704723FB183E
S11382E01B78032BCDD93B681A787B685A713B689D
S11382F01A7C7B689A713B689A7C7B68DA713B686C
S11383001A7D7B681A720A23FB1800221A80002344
S1138310FB630023BB633B681B78012B29D17B687B
S11383201B6818003C4B98470300FB62FB6A14333C
S1138330BB62BB6ADBB21800384B984703007B6210
S11383403B689B692322BC180A22BA18796A180070
S1138350334B9847030023702323FB181B78002B0F
S113836001D017234EE00A23FB181B88DAB27B6B7B
S11383701A733B685B68FA6B1343FB633B689B6847
S1138380FA6B1343FB633B68DB68FA6B1343FB63D1
S11383903B681B7C1A00BB6B1343BB633B685B7C71
S11383A0002B03D11F4B9847031E03D0FB6B802285
S11383B01343FB633B689B7C002B04D0BB6B802284
S11383C092021343BB633B68DB7C002B04D0BB6B82
S11383D0802292001343BB633B681B7D002B04D0B7
S11383E0BB6B802292011343BB637B6B1A68FB6BEC
S11383F01A437B6B1A607B6B5A68BB6B1A437B6BAB
S11384005A6000231800BD4613B090BD4D7D000096
S1138410417B000059AB0000FD7C000091A90000E5
S1138420377A0000C17E000090B58BB000AFF860D1
S1138430B9607A60FB68BA681A60FB681B683B62C3
S11384403B6A1B680222134001D01C239CE03B6A58
S11384501B680122134001D0052395E0FB681B68CB
S113846018004B4B98470300FB61FB690233BB6167
S1138470FB6914337B610122BB699A401300190024
S11384800220444B98471023FB181800424B98478E
S11384907B6824229A5C1023FB181A707B69DBB278
S11384A01022BA18110018003C4B98477B69DBB2C4
S11384B018003B4B98477B6824229B5C00211800E2
S11384C0384B98477B681B78012B05D13B6A1B68A6
S11384D00C221A433B6A1A602723FB1800221A70E5
S11384E010E02723FB181B78FA6802339B00D3188B
S11384F0043300221A602723FB181A782723FB1859
S113850001321A702723FB181B78062BE9D9FB6864
S11385100022DA62FB6800229A62FB6800229A86D3
S1138520FB6800221A86FB68362200219954FB68F6
S1138530372200219954FB68382200219954FB68A2
S113854003225A72FB6800221A71FB681B6813220B
S1138550BC1818000E4B984703002370124A1323CB
S1138560FB181B7811001800104B98471323FB18B5
S11385701A780F4B9200F968D1507A68FB681100A1
S113858018000C4B984703001800BD460BB090BD73
S1138590FD7C0000657E00004D7E00006DA800009B
S11385A0B1A80000B57A0000818A0000158D000092
S11385B0D40C00201982000090B587B000AFF86099
S11385C0B9601900BB1D1A803B1D0A1C1A80FB6888
S11385D038229B5CDBB2052B01D105237AE0BB1D5D
S11385E01B88002B01D1172374E0FB68DB7901227F
S11385F05340DBB2002B01D01C236BE01623FB1885
S113860000221A805EE0FB685B79012B12D1C04620
S1138610FB681800314B984703001A0001235340AC
S1138620DBB2002BF4D13B1D1A88FB681100180043
S11386302B4B9847C046FB6818002A4B9847030009
S11386401A0001235340DBB2002BF4D11223FB1890
S113865000221A801523FC181223FA18FB68110053
S11386601800214B9847030023701523FB181B782F
S1138670002B03D01523FB181B782BE01623FB18C3
S11386801B881622BA18591C11801A00BB689B1843
S11386901222BA181288D2B21A70FB689B79012B85
S11386A010D11623FB181B881622BA18591C1180E6
S11386B01A00BB689B181222BA181288120A92B2C6
S11386C0D2B21A70BB1D1B88BA1D591E1180002B13
S11386D099D100231800BD4607B090BD3180000039
S11386E08180000059800000C980000080B586B0F8
S11386F000AFF860B960FB1D1A70FB685B79012B51
S113870001D015235CE0FB681B7A01225340DBB2E5
S1138710002B54D0FB1D1B78002B4AD0BB685B7820
S1138720002B3FD0FB681800274B984703001A0022
S113873001235340DBB2002B07D0BB681B78012117
S11387401800224B984705233AE0BB681B780021A8
S113875018001E4B9847BB689B789AB2FB681100BF
S113876018001B4B9847FB68DB7901225340DBB2AE
S1138770002B24D0C046FB681800164B9847030012
S11387801A0001235340DBB2002BF4D11623FB184B
S113879000221A801623FA18FB68110018000E4BE9
S11387A098470CE0BB681B7800211800074B9847DA
S11387B005E0BB681B7801211800044B984700238F
S11387C01800BD4606B080BD31800000F97D000070
S11387D08180000059800000C980000080B586B007
S11387E000AFF860B960BB1D1A80FB6838229B5C3F
S11387F0DBB2052B01D1052387E0BB1D1B88002BB1
S113880001D1172381E01623FB1800221A801423B8
S1138810FB18BA1D12881A805FE0C046FB68180076
S11388203C4B984703001A0001235340DBB2002B52
S1138830F4D11623FB181B881622BA18591C118070
S11388401A00BB689B181A781223FB181A80FB685D
S11388509B79012B15D11623FB181B881622BA18F5
S1138860591C11801A00BB689B181B781B021AB292
S11388701223FB1800215B5E13431AB21223FB1868
S11388801A801223FB181A88FB6811001800224B67
S11388909847FB68DB791422BA18142179180988DF
S11388A01180002B19D0C046FB6818001B4B984759
S11388B003001A0001235340DBB2002BF4D1102330
S11388C0FA18FB6811001800154B98471423FB187D
S11388D01A881423FB18013A1A80BB1D1B88BA1D81
S11388E0591E1180002B98D1FB685B79012B0BD1A9
S11388F0C046FB6818000B4B984703001A0001237D
S11389005340DBB2002BF4D100231800BD4606B05F
S113891080BDC04631800000818000005980000085
S1138920C98000000980000080B584B000AF786081
S11389307B681B68BB607B68DB6A1B78DAB20E233A
S1138940FB181A807B68DB6A5A1C7B68DA627B68D6
S11389509B79012B13D17B68DB6A1B78DBB21B028A
S11389601AB20E23FB1800215B5E13431AB20E23C6
S1138970FB181A807B68DB6A5A1C7B68DA620E2358
S1138980FB181B88DB05DA0DBB689A627B689B8E3B
S11389909BB2013B9AB27B689A86C046BD4604B03E
S11389A080BD000080B584B000AF78607B681B6830
S11389B0FB60084B1B881A00FB689A627B685B8E1D
S11389C09BB2013B9AB27B685A86C046BD4604B04E
S11389D080BDC046D00C002080B584B000AF786064
S11389E07B681B68FB600A23FB1800221A80FB6863
S11389F09A6A0A23FB181A807B685B8E9BB2013B40
S1138A009AB27B685A86C046BD4604B080BD80B524
S1138A1084B000AF78607B681B68FB60FB689B6A6E
S1138A209AB20A23FB18D205D20D1A807B689B6A7E
S1138A300A22BA181288D2B21A707B689B6A5A1C2E
S1138A407B689A627B689B79012B0DD17B689B6A5A
S1138A500A22BA181288120A92B2D2B21A707B6829
S1138A609B6A5A1C7B689A627B681B8E9BB2013B93
S1138A709AB27B681A86C046BD4604B080BD000029
S1138A8080B586B000AF0200FB1D1A70FB1D1A787A
S1138A90964B9200D3587B617B691B683B617B6971
S1138AA037229A5C7B693621595C0F23FB180A40F4
S1138AB01A703B691B7EDAB20C23FB181A803B69DF
S1138AC09B7DDBB29AB20C23FB180C217918098820
S1138AD00A401A800C23FB181B880122134038D04B
S1138AE07B695B79012B10D17B695B7ADBB2002B4C
S1138AF00BD17B6918007E4B98477B695B8E9BB2D8
S1138B00002B02D13B6901221A757B695B79012B29
S1138B101FD17B695B7ADBB2002B1AD07B6918000A
S1138B20744B98477B699B8E9BB2002B11D13B6998
S1138B3001221A757B695B7ADBB2012B09D17B694F
S1138B40DB7901225340DBB2002B02D03B690222C5
S1138B509A750C23FB181B880422134000D17EE075
S1138B603B695B8B9BB21A000423134022D07B69C0
S1138B705B7ADBB2012B14D07B6938221E21995415
S1138B807B6903225A723B6905221A750F23FB186D
S1138B901B780822134004D07B699B697A69100012
S1138BA098473B699A6A0A23FB181A803B69042296
S1138BB05A8354E07B695B7ADBB2012B1ED17B695B
S1138BC018004D4B98477B695B8E9BB2002B46D1B6
S1138BD03B6904221A757B693822002199547B6908
S1138BE003225A720F23FB181B780122134036D03C
S1138BF07B69DB687A691000984730E07B6918006C
S1138C003E4B98477B691B8E9BB2002B27D17B6917
S1138C103822002199543B6904221A757B695B7AD6
S1138C20DBB2022B0BD10F23FB181B780422134059
S1138C3015D07B695B697A69100098470FE07B69FE
S1138C405B7ADBB2002B0AD10F23FB181B780222BC
S1138C50134004D07B691B697A69100098470C2380
S1138C60FB181B880222134024D07B695B79012BFB
S1138C7020D17B695B7ADBB2012B1BD17B69DB7969
S1138C8001225340DBB2002B14D03B6902221A7537
S1138C907B6903225A727B693822002199540F237D
S1138CA0FB181B780122134004D07B69DB687A69C6
S1138CB0100098470C23FB181B888022134010D007
S1138CC03B6980221A753B6980221A760F23FB18B0
S1138CD01B784022134004D07B695B6A7A691000D8
S1138CE09847C046BD4606B080BDC046D40C00209F
S1138CF0A589000029890000D98900000F8A000095
S1138D0080B582B000AF0200FB1D1A70C046BD469C
S1138D1002B080BD80B584B000AF02003960FB1D95
S1138D201A70134B1B7801225340DBB2002B15D071
S1138D300023FB600CE00F4BFA6892000E49D150FF
S1138D400E4BFA6892000021D150FB680133FB609E
S1138D50FB68052BEFD9064B01221A70FB1D1A780C
S1138D60044B92003968D150C046BD4604B080BD62
S1138D707E04002080040020018D0000D40C00201B
S1138D8090B585B000AF78600823FB180B4A1168D2
S1138D90196092889A800F23FC187B681800084B8E
S1138DA09847030023700F23FB181B780822BA1876
S1138DB0D35C5BB21800BD4605B090BDB0B80000EE
S1138DC0FD7C000080B500AF034B1B680020984772
S1138DD0C046BD4680BDC0468004002080B500AFBB
S1138DE0034B5B6801209847C046BD4680BDC04622
S1138DF08004002080B500AF034B9B680220984795
S1138E00C046BD4680BDC0468004002080B500AF8A
S1138E10034BDB6803209847C046BD4680BDC0466F
S1138E208004002080B500AF034B1B6904209847E1
S1138E30C046BD4680BDC0468004002080B500AF5A
S1138E40034B5B6905209847C046BD4680BDC046BC
S1138E508004002080B500AFC046BD4680BD000040
S1138E6080B584B000AF0200FB1D1A700F23FB18FD
S1138E70FA1D1278D2091A700E23FB18FA1D127803
S1138E8052091A700D4BBB600F23FB181B78002B83
S1138E900FD10F23FB181B789B0010229446BC446F
S1138EA06344083B1A680E23FB181B78DB01D318B4
S1138EB000E000231800BD4604B080BD004400411A
S1138EC080B582B000AF0200FB1D1A70FB1D1B7839
S1138ED01800034B984703001800BD4602B080BD3C
S1138EE0618E000080B582B000AF78607B6800229C
S1138EF01A707B6801225A707B6800229A70C046FF
S1138F00BD4602B080BD000080B584B000AF020051
S1138F10FB1D1A70BB1D0A1C1A70FB1D1B78180060
S1138F200D4B98470300FB60FB1D1B781F22134069
S1138F3001229A401300BB60BB1D1B78002B03D099
S1138F40FB68BA689A6102E0FB68BA685A61C04675
S1138F50BD4604B080BDC046C18E000080B582B05D
S1138F6000AF0200FB1D1A70064BFA1D12781100A7
S1138F701F220A40012191400A001A60C046BD46E2
S1138F8002B080BD00E100E080B584B000AF78603D
S1138F907B681B68FB60FB68DB695A1E9341DBB28C
S1138FA01800BD4604B080BD80B582B000AF7860C3
S1138FB07B6801221A707B6800225A607B68002259
S1138FC09A607B68C0229203DA607B6800221A747C
S1138FD07B6800225A747B6801229A747B680122A0
S1138FE0DA747B6800221A757B6824220021995464
S1138FF07B6818330C22002118000A4B98477B68C1
S1139000094A9A617B6800229A627B680022DA62CC
S11390107B6800221A637B6800225A63C046BD46FF
S113902002B080BDF3B50000A086010080B582B017
S113903000AF78607B680A221A707B6800225A703D
S11390407B6800229A70C046BD4602B080BD000015
S113905080B584B000AF786039603B681A787B686B
S11390601A703B685A787B685A703B689A787B68B8
S11390709A700C23FB1818000B4B98470C23FB1811
S113908001221A707B681B780C22BA181100180090
S1139090064B98477B681B7801211800044B9847BE
S11390A0C046BD4604B080BDE58E0000F59A0000C0
S11390B0098F000080B584B000AF78607B681B68BE
S11390C0FB607B681B6818000B4B98470300180073
S11390D00A4B9847C0467B681800094B9847031E03
S11390E0F9D1FB681B6802221A43FB681A60C04668
S11390F0BD4604B080BDC046818D00005D8F000078
S1139100898F000080B584B000AF78600A00FB1C32
S11391101A700F23FB1800221A7038E07B685A1C5F
S11391207A600E22BA181B7813700D23FB180022E4
S11391301A7027E00F23FA180F23FB181B78DB188B
S113914013700E23FA180F23FB1812781B78534060
S1139150DBB25BB2002B07DA0F23FB180F22BA181D
S1139160127809214A401A700E23FA180E23FB18AC
S11391701B78DB1813700D23FB181A780D23FB18CA
S113918001321A700D23FB181B78072BD2D9FB1C54
S11391901B78FA1C591E1170002BBFD10F23FB182A
S11391A01B785B005BB2012213435AB20F23FB18F6
S11391B01A700F23FB181B781800BD4604B080BD3D
S11391C090B583B000AF7B1CFF221A70BB1CFF223A
S11391D01A80BB1C1B88791C11480122114CA04722
S11391E0114B7B60BB1C1B88791C0D4801220D4C64
S11391F0A047BB1C1B88791C09480122094CA047C5
S11392007B685A1E7A60002B01D1002304E07B1C8A
S11392101B78FF2BEDD101231800BD4603B090BD90
S113922098040020B9850000400D030090B583B078
S113923000AFBB1CFF221A807B1C00221A70184B43
S11392407B607B685A1E7A60002B04D1154B042284
S11392501A70002320E0BB1C1B88791C12480122D1
S1139260124CA0477B1C1B781A00F02313400ED12C
S11392707B1C1B781A000723134003D0094B0722D9
S11392801A7002E0074B0B221A70002304E07B1CC7
S11392901B78FE2BD5D101231800BD4603B090BD29
S11392A020A10700DB04002098040020B9850000F9
S11392B090B583B000AFBB1DFF221A80BB1D1B8875
S11392C0391D04480222044CA047C046BD4603B0E1
S11392D090BDC04698040020B985000080B582B0D6
S11392E000AFFB1DFF221A70F91D0D4B012218005F
S11392F00C4B98470C4B1B88012B03D1BB1DFE2242
S11393001A7002E0BB1DFC221A70B91D044B012225
S11393101800044B9847C046BD4602B080BDC04605
S113932098040020DD870000E604002090B583B097
S113933000AFBB1DFF221A80BB1C012252421A80BF
S1139340B91C1B4B022218001A4B9847BB1D1B88E3
S1139350791D17480122184CA0477B1D1B781A0061
S11393601023134005D17B1D1B781A0001231340E1
S113937004D1124B01221A70002314E07B1D1B78C8
S11393801A001E231340042B0BD00A2B04D10B4BC1
S113939008221A70002306E0084B0A221A700023E0
S11393A001E0C04601231800BD4603B090BDC0468D
S11393B098040020DD870000B9850000DB0400204C
S11393C090B583B000AF1D4B1B88012B01D1012345
S11393D030E01A4B1B881C00194B1A68194B1B8868
S11393E01900194B1000984703009C4201D901232E
S11393F020E0FB1DFF221A70F91D144B01221800F6
S1139400134B9847FB1DFD221A70F91D0F4B0122C7
S113941018000F4B98470F4B984703001A0001237D
S11394205340DBB2002B04D00B4B05221A700023EF
S113943000E001231800BD4603B090BDE6040020FF
S1139440E0040020E404002005B00000980400209B
S1139450DD870000C1910000DB04002080B58EB0E0
S113946000AF1D4B00221A703B0018001B4B98479D
S11394703B0080225202DA603B00194A9A623B00A8
S113948001225242DA623B00164A1A633B00164A32
S11394905A633B002422002199543B00134A9A61E9
S11394A03A001349134B1800134B9847114B1800FB
S11394B0124B9847124B1800124B9847124B1A78CC
S11394C00F4B1A700E4A114B11001800104B98479D
S11394D0C046BD460EB080BDDB040020A98F00004D
S11394E00200080002000A0002000B00801A0600B5
S11394F0000800429804002029840000B590000070
S1139500D80400202D9000004C010020D404002039
S11395105190000090B583B000AF04003960100092
S11395201900FB1D221C1A70BB1D021C1A707B1D26
S11395300A1C1A70134B00221A703B68124A934299
S113954007D9114B3B6004E03B68DB083A68D31A47
S11395503B603A680D4B110018000D4B984703000F
S1139560172BF1D0FB1D1A7813005B009B18094AD6
S11395709918064B01221800074B9847C046BD4670
S113958003B090BDDB04002000127A009804002090
S113959051810000D4040020ED86000080B582B023
S11395A000AF0200FB1D1A70094B00221A70FB1D4C
S11395B01A7813005B009B18064A9918064B002280
S11395C01800064B9847C046BD4602B080BDC04651
S11395D0DB040020D404002098040020ED86000061
S11395E080B582B000AFBB1DFF221A700C4B002265
S11395F01A70FB1D00221A700AE0B91D094B0122E2
S11396001800094B9847FB1D1A78FB1D01321A708C
S1139610FB1D1B78092BF0D9C046BD4602B080BDA6
S1139620DB04002098040020DD87000090B585B09D
S113963002AF7860396039687868002300930023AA
S11396400022034CA04703001800BD4603B090BDA0
S11396505596000090B589B000AFF860B960190064
S1139660BB1D1A803B1D0A1C1A801B23FB18FF22FA
S11396701A701C23FB18FF221A80724B00221A70E6
S1139680FB68DBB23F221340DBB240221343DAB261
S11396901423FB181A70BB681B0EDAB21423FB18D0
S11396A05A70BB681B0CDAB21423FB189A70BB689F
S11396B01B0ADAB21423FB18DA70BB68DAB214237B
S11396C0FB181A711423FB18052118005E4B9847E8
S11396D003001A001423FB185A711B23F9185B4B5F
S11396E0012218005A4B98471423F918574B0622A5
S11396F01800574B98471323FB18FF221A701C239A
S1139700FB181B881322B91850480122514CA0475A
S11397101F23FB1807221A701C23FB181B88132213
S1139720B9184A4801224B4CA0471323FB181B7855
S11397305BB2002B10DA1F23FB181F22BA18127811
S1139740013A1A701F23FB181B78002BE4D13D4B00
S113975002221A70002370E0C0461323FB181B7802
S11397601A003D4B1A601323FB181B781A000823B8
S1139770134004D0334B06221A7000235DE01323F8
S1139780FB181B781A000423134004D02D4B092224
S11397901A70002351E01323FB181B781A000123CD
S11397A09A43131E04D0274B01221A70002344E06D
S11397B0FA6880239B0113400DD0284B984703007F
S11397C01A0001235340DBB2002B04D01D4B0322AB
S11397D01A70002331E0FA6880239B0013400ED0F6
S11397E01D4B00221A601C23FB181B881A491748BA
S11397F00122184CA047184B1A68174B1A60FA68D4
S11398008023DB0013400CD01C23FB181B88124957
S11398100E4804220F4CA0470F4B1B681ABA0E4B7C
S11398201A600F4BBA1D12881A800E4B3A1D12880B
S11398301A800D4B00221A6001231800BD4609B09E
S113984090BDC046DB040020059100009804002070
S1139850DD870000B9850000DC040020C191000010
S1139860E4040020E6040020E004002080B500AFFA
S1139870024B1B681800BD4680BDC046DC040020B6
S113988090B585B000AF78600E23FB18FF221A80D4
S11398901C4B00221A701C4B1A681C4B1B881900A5
S11398A01B4B100098470B1E0AD11A4B9847030014
S11398B01A0001235340DBB2002B01D000231DE02A
S11398C00E23FB181B88391D13480422134CA04790
S11398D07B687A6812681A600B4B1B681A1D0A4B66
S11398E01A60094B1A68094B1B881900084B1000B1
S11398F098470B1E01D10A4B984701231800BD4617
S113990005B090BDDB040020E0040020E404002046
S113991011B100002D92000098040020B9850000C8
S1139920B192000090B585B000AF78600A00BB1C0E
S11399301A800A23FB18FF221A801C4B00221A707B
S11399400023FB6025E01A4B984703001A0001230B
S11399505340DBB2002B01D0002322E07A68FB687D
S1139960D118144B1A880A23FB181B881248134C6D
S1139970A047104B1B881A00FB689B18FB600D4B1B
S11399801B881A000E4B1B68D2180D4B1A600D4B26
S11399909847BB1C1B88BA1C591E1180002BD2D1BE
S11399A001231800BD4605B090BDC046DB0400206D
S11399B02D920000E404002098040020B9850000E2
S11399C0E0040020B192000080B500AF012318002C
S11399D0BD4680BD80B584B000AF78600A00BB1C72
S11399E01A80244B00221A700023FB6035E0224BBE
S11399F098477A68FB68D118204B1A88204B1800C6
S1139A00204B98471D4B1B881A00FB689B18FB6072
S1139A101A4B1B881A001C4B1B68D2181A4B1A606D
S1139A201A4B984703001A0001235340DBB2002B62
S1139A3001D0002319E0BB1C1B88002B0DD0144B54
S1139A40984703001A0001235340DBB2002B04D0D3
S1139A50084B05221A70002307E0BB1C1B88BA1CA4
S1139A60591E1180002BC2D101231800BD4604B039
S1139A7080BDC046DB040020DD920000E404002029
S1139A8098040020DD870000E00400202D930000EE
S1139A90C191000080B500AF094B984703001A003C
S1139AA001235340DBB2002B04D0064B05221A706D
S1139AB0002302E0044B984703001800BD4680BD14
S1139AC0C1910000DB040020C193000080B582B086
S1139AD000AF78607B6880221A707B6800225A701D
S1139AE07B6801229A707B680022DA70C046BD460A
S1139AF002B080BD80B584B000AF02003960FB1DA8
S1139B001A700C23FB181800104B98470C23FB18F1
S1139B1080221A703B681A780C23FB185A703B6831
S1139B205A780C23FB189A703B689A780C23FB181C
S1139B30DA700C23FA18FB1D1B7811001800044B73
S1139B409847C046BD4604B080BDC046CD9A0000CB
S1139B5059AB000080B500AFC046BD4680BD0000D3
S1139B6080B582B000AF104B1B68002B12D1EFF30D
S1139B7010837B607B68002B09D172B6BFF35F8FC3
S1139B800A4B00221A700A4B01221A7002E0084B99
S1139B9000221A70044B1B685A1C034B1A60C046FF
S1139BA0BD4602B080BDC046E80400204D0100203F
S1139BB0EC04002080B500AF0B4B1B685A1E0A4B07
S1139BC01A60094B1B68002B0AD1084B1B78DBB2C7
S1139BD0002B05D0064B01221A70BFF35F8F62B6CB
S1139BE0C046BD4680BDC046E8040020EC04002009
S1139BF04D01002080B582B000AF78607B680122FF
S1139C005A607B6800225A707B6806221A707B684F
S1139C1000221A727B6800225A72C046BD4602B006
S1139C2080BD80B582B000AF78607B6800221A7076
S1139C307B6804225A707B6800229A707B688022B9
S1139C4012029A607B680022DA707B6801221A7122
S1139C507B6800221A737B6801225A737B68002296
S1139C609A73C046BD4602B080BD80B582B000AFD5
S1139C7078607B6803221A707B6800225A707B68C4
S1139C8001229A70C046BD4602B080BD80B582B044
S1139C9000AF78607B6800221A707B6800225A80CB
S1139CA07B6800229A807B6800229A717B6800227C
S1139CB0DA717B6801225A707B6807221A727B680A
S1139CC03F225A817B6801221A737B680122DA8160
S1139CD07B6806221A82C046BD4602B080BD0000E1
S1139CE080B582B000AF0200FB1D1A70034AFB1D51
S1139CF01B781372C046BD4602B080BD000400400C
S1139D0080B582B000AF0200FB1D1A70BB1D0A1C97
S1139D101A70FB1D1B78012B08D0022B0BD0002BD3
S1139D200ED10B4ABB1D1B7853720BE0084ABB1DB6
S1139D301B78937206E0064ABB1D1B78D37201E0C0
S1139D40172300E000231800BD4602B080BDC046C2
S1139D500004004080B582B000AF0200FB1D1A7001
S1139D60084AFB1D1B780F210B40D9B253680F2002
S1139D70014049001E2083430B435360C046BD4647
S1139D8002B080BD0040004180B500AFC046044B26
S1139D90DB6810221340FAD0C046BD4680BDC046E1
S1139DA00008004080B500AF0C4B02229A840C4B93
S1139DB098470A4A0B4B9B68D362084A094B5B6875
S1139DC09362064B00229A84054B9847034A054B3D
S1139DD01B689BB29384C046BD4680BD000800400A
S1139DE0899D0000F004002080B582B000AF02001D
S1139DF0FB1D1A70FB1D1B78082B41D89A00234BBE
S1139E00D3181B689F46224B1B693AE0214B1B6AFF
S1139E109B059B0FDBB21A001F4BD34031E080231C
S1139E201B022EE080231B022BE0194B5B6928E008
S1139E30174B1B680222134001D1002321E0174B6A
S1139E409847134B1B6824221340042B09D100208C
S1139E50134B984702000E4B9B681B041B0C534387
S1139E600FE0104B0DE00B4A5023D35CDBB21A0019
S1139E700423134001D1002303E0054BDB6800E019
S1139E8000231800BD4602B080BDC046B8B800002B
S1139E90F00400200008004000127A00899D0000B0
S1139EA091A90000006CDC0280B584B000AF78603A
S1139EB01A4B1B6AFB607B681B781A1C0323134034
S1139EC0DAB20D23FB1803210A4010001A7803218B
S1139ED08A43111C021C0A431A707B689A780C236B
S1139EE0FB18D0011A787F210A40111C021C0A4376
S1139EF01A707B685A780C23FB1801210A409001E0
S1139F001A7840218A43111C021C0A431A70034B1D
S1139F10FA681A62C046BD4604B080BD000800401D
S1139F2080B584B000AF7860434A0C23FB18928A52
S1139F301A807B685B781A1C07231340DAB20C235F
S1139F40FB1807210A4010005A7807218A43111C84
S1139F50021C0A435A707B681B78002B06D10C2321
S1139F60FB181A7804210A431A7005E00C23FB1825
S1139F701A7804218A431A707B689A780C23FB1898
S1139F8001210A4050011A7820218A43111C021C25
S1139F900A431A707B68DA780C23FB1801210A4003
S1139FA010011A7810218A43111C021C0A431A70EA
S1139FB07B681A790C23FB1801210A40D0001A7817
S1139FC008218A43111C021C0A431A707B685A7BBD
S1139FD00C23FB18D0011A787F210A40111C021CA3
S1139FE00A431A707B681A7B0C23FB1801210A4070
S1139FF090011A7840218A43111C021C0A431A70EA
S113A0007B689A7B0C23FB1801210A4010015A78C3
S113A01010218A43111C021C0A435A707B689A68F7
S113A020064B5A61044A0C23FB181B889382C046D2
S113A030BD4604B080BDC04600080040F0040020C6
S113A04080B582B000AF78607B681B7A9B021B04EA
S113A0501A0C7B685B899B059B0D1A432A4B5A603B
S113A0607B689A797B68DB791343DBB21A007B68DF
S113A0705B8813437A6892881A437B685B78DB01B8
S113A0801A43214B1A607B681B78042B16D17B681A
S113A0901B7B9B061A007B68DB891B0419001B4B86
S113A0A00B4013437A68128A1A43174B9A60164B73
S113A0B01B687A6812781A43134B1A607B681B7802
S113A0C0202B1CD17B681B7B9B061A007B68DB89D9
S113A0D01B0419000D4B0B4013437A68128A1A4370
S113A0E0094B9A60084B1B687A68127804210A436A
S113A0F0D2B213438022D2001A43034B1A60C046E3
S113A100BD4602B080BDC046F00400200000FF033D
S113A11080B582B000AF0200FB1D1A70FB1D1B78D6
S113A120082B3BD89A00214BD3181B689F46204B21
S113A1301F4A126A02210A431A62002331E01C4BAF
S113A1401B4A926902210A439A6129E0184A184B72
S113A1501B8A9BB202210B439BB2138220E0144A58
S113A160134B9B8A9BB202210B439BB2938217E051
S113A170104B1B6802221A430E4B1A600E4B984771
S113A1800EE00B4A0A494423CB5CDBB202210B43A9
S113A190D9B24423D15403E0002302E0172300E0A2
S113A1A000231800BD4602B080BDC046DCB80000E4
S113A1B000080040F0040020A59D000080B584B094
S113A1C000AF0200FB1D1A700023FB60FB1D1B780F
S113A1D0082B21D89A00184BD3181B689F460823D4
S113A1E0FB601BE00423FB6018E00123FB6015E027
S113A1F00223FB6012E01023FB600FE00F4A5023A0
S113A200D35CDBB21A0003231340033B5A4253418D
S113A210DBB20CE001230AE0002308E0074BDB6813
S113A220FA681A40FB68D31A5A425341DBB2180049
S113A230BD4604B080BDC04600B90000000800401F
S113A24080B582B000AF3B0003221A7000237B600C
S113A25009E07B68DBB23A0011001800054B98470F
S113A2607B6801337B607B68242BF2D9C046BD46F2
S113A27002B080BD6DA8000080B5AAB000AF9C4BB1
S113A280C222D2009A6001209A4B98479A4B984771
S113A2909423FB181800994B98479423FB188022A9
S113A2A012029A609423FB1800221A709423FB185C
S113A2B005225A709423FB1800229A709423FB18E9
S113A2C00022DA709423FB1801221A719423FB18DC
S113A2D000225A739423FB1801221A739423FB1847
S113A2E01800874B98470520864B9847C0460520A1
S113A2F0854B984703001A0001235340DBB2002B1F
S113A300F5D17B4A938A80210B4393828023FB18E7
S113A31018007E4B98478023FB1820221A70802354
S113A320FB1800225A707A4B1B689B0EA422BA18A1
S113A3301360A423FB181B683F2B03D11F23A42203
S113A340BA181360A423FB181B68DAB28023FB1825
S113A3501A728023FB1800225A808023FB180022E3
S113A360DA718023FB1800229A718023FB180022E3
S113A3709A808023FB1803221A738023FB181F2260
S113A380DA818023FB180A22DA818023FB18614AD0
S113A3905A818023FB1800225A808023FB18002254
S113A3A0DA718023FB1800229A718023FB18802223
S113A3B052009A808023FB18574A1A828023FB1884
S113A3C01800564B98477C23FB181800544B9847A9
S113A3D07C23FB1800221A707C23FB1801229A703C
S113A3E07C23FB1800225A707C23FB1818004D4B69
S113A3F098470620434B98474B4B98476423FB18D8
S113A40018004A4B98476423FB1807221A706423E8
S113A410FB1801225A606423FB1801221A72642378
S113A420FB1800225A726423FB1819000120404BC8
S113A430984701203F4B98475823FB1818003B4B83
S113A44098475823FB1805221A705823FB1820221A
S113A4505A605823FB1801221A725823FB18002251
S113A4605A725823FB1819000220314B98470220D6
S113A470304B98470720234B9847C0460720224B70
S113A480984703001A0001235340DBB2002BF5D197
S113A490174A938C80210B4393840020264B9847C2
S113A4A000210020254B984700210120234B984789
S113A4B000210220214B98473B0018001B4B984772
S113A4C03B0007221A703B0001225A603B00012224
S113A4D01A723B0000225A723B0019000020144BF0
S113A4E098470020134B9847C046BD462AB080BD0C
S113A4F000080040559D000041A20000239C00007C
S113A500219F000011A10000BDA100008D9C00004E
S113A51024608000FF01000080BBFFFF41A0000019
S113A5206B9C0000A99E0000E5A50000F59B0000BF
S113A53015A6000039A70000E19C0000019D000061
S113A54080B582B000AF02003960FB1D1A70FB1D9C
S113A5501B78012B0AD0022B0FD0002B14D10E4BE9
S113A5600D4A91693A680A439A610FE00A4B0A4A14
S113A570D1693A680A43DA6108E0074B064A116A6E
S113A5803A680A431A6201E0172300E00023180026
S113A590BD4602B080BDC0460004004080B500AF97
S113A5A0024B9847C046BD4680BDC046619B000033
S113A5B080B500AF024B9847C046BD4680BDC0463B
S113A5C0B59B000080B500AF054B5B78DBB25BB296
S113A5D0002B01DA012300E000231800BD4680BDF2
S113A5E0000C004080B500AF08210020074B9847BD
S113A5F0074B01221A70C046054B1B78DBB21A00C8
S113A60001231340F8D1C046BD4680BD41A50000DA
S113A610000C004080B586B000AF02003960FB1D1D
S113A6201A70FB1D1B787B61FB1D1B783B613B682B
S113A6301B781B021A007B6913437B613B685B78C0
S113A640002B04D07B698022D20213437B613B68D8
S113A6505B7A002B04D07B698022120313437B6155
S113A6603B685B68012B2CD93B685A683B685B6884
S113A670013B13401AD10023FB600223BB6005E0B9
S113A680FB680133FB60BB685B00BB603B685A68D6
S113A690BB689A42F4D8FB681B023A6913433B61D6
S113A6A07B698022520313437B610AE03B685B6849
S113A6B01B023A6913433B617B6980229202134374
S113A6C07B613B681B7A002B04D07B698022920358
S113A6D013437B61C046134B9847031EFBD1124BB7
S113A6E09847124AFB1D1B781370C0460D4B9847C0
S113A6F0031EFBD10E4B3A699A60C046094B98473A
S113A700031EFBD10A4B0A4A5168802252021140AF
S113A7107A690A435A60074B9847C046BD4606B05B
S113A72080BDC046C5A500009DA50000080C0040E2
S113A730000C0040B1A5000080B582B000AF02005B
S113A740FB1D1A70C0460E4B9847031EFBD10D4BE0
S113A75098470D4AFB1D1B781370C046084B984759
S113A760031EFBD1094B094A5268802149020A435E
S113A7705A60074B9847C046BD4602B080BDC046EC
S113A780C5A500009DA50000040C0040000C00407D
S113A790B1A5000080B586B000AF0200FB1D1A70A1
S113A7A0C0462A4B9847031EFBD1294B9847294A98
S113A7B0FB1D1B781370C046244B9847031EFBD126
S113A7C0254B5B68DB04DB0EDBB21800234B984798
S113A7D003007B611F4AFB1D1B7813701E4B5B68D3
S113A7E0DB02DB0FDAB21323FB181A701C4AFB1DC1
S113A7F01B781370C046154B9847031EFBD1164BAC
S113A8009B681B021B0C9BB2FB60164B98471323DF
S113A810FB181B78002B09D1FB68012B06D9124BBE
S113A820F9687869984703007B610AE01323FB18F1
S113A8301B78002B05D0FB6801337A69DA401300DA
S113A8407B617B691800BD4606B080BDC5A50000CC
S113A8509DA50000040C0040000C0040E99D000090
S113A860080C0040B1A5000005B0000080B584B01C
S113A87000AF02003960FB1D1A70FB1D1B78FB60E2
S113A8803B681B781B021A00FB681343FB60FB1D2B
S113A8901B781800044B9847044BFA6892B25A800C
S113A8A0C046BD4604B080BDF9A80000000C0040BD
S113A8B080B582B000AF0200FB1D1A700A4B9847A6
S113A8C00A4AFB1D1B7813700949094B5B889BB22C
S113A8D08022D20113439BB24B80064B9847C0465B
S113A8E0BD4602B080BDC0469DA50000020C0040DC
S113A8F0000C0040B1A5000080B584B000AF020098
S113A900FB1D1A701C4B98471C4AFB1D1B781370C7
S113A9101B4B5B881B051B0FDBB2FB60184A53887B
S113A92018490B405380164A154B5B889BB2164955
S113A9300B409BB25380C046114B5B889BB21A00FC
S113A9408023DB011340F7D10D4AFB68DBB2191CED
S113A9500F230B40D9B25388081C0F210140080271
S113A96008490B40191C031C0B435380074B9847A1
S113A970C046BD4604B080BD9DA50000020C004049
S113A980000C0040FFF0FFFFFFBFFFFFB1A5000078
S113A99080B584B000AF0200FB1D1A700D4B9847C0
S113A9A00D4AFB1D1B7813700C4B5B881B051B0F9A
S113A9B0DAB20F23FB181A70094B98470F23FB18C0
S113A9C01B781800074B984703001800BD4604B0D5
S113A9D080BDC0469DA50000020C0040000C004054
S113A9E0B1A5000095A7000080B584B000AF0200B7
S113A9F0FB1D1A700F23FB18FA1D1278D2091A7066
S113AA000E23FB18FA1D127852091A700D4BBB6005
S113AA100F23FB181B78002B0FD10F23FB181B7877
S113AA209B0010229446BC446344083B1A680E23DE
S113AA30FB181B78DB01D31800E000231800BD4687
S113AA4004B080BD0044004180B588B000AFF86018
S113AA50B9607A600023FB617B68DB780122534094
S113AA60DBB2002B35D07B681B78802B0BD0FB69C5
S113AA70802252021343FB617B681B781B061A0079
S113AA80FB691343FB617B685B78002B03D07B6815
S113AA905B78022B10D1FB69802292021343FB6185
S113AAA07B689B78002B04D0FB698022D20213437D
S113AAB0FB61FB68BA685A607B685B78012B03D042
S113AAC07B685B78022B07D1FB69224A1340FB6148
S113AAD002E0FB68BA685A60BB681B041B0CBB61CC
S113AAE0BB681B0C7B61BA69FB691343A022D205C6
S113AAF01A43FB689A627A69FB691343D0221206EF
S113AB001A43FB689A627B68DB7801225340DBB20C
S113AB10002B1AD0FA698023DB0213400AD07B6829
S113AB209B78012B03D1FB68BA689A6102E0FB6849
S113AB30BA685A617B685B78012B03D07B685B78C9
S113AB40022B02D1FB68BA689A60C046BD4608B0C1
S113AB5080BDC046FFFFFBFF80B584B000AF02009C
S113AB603960FB1D1A70FB1D1B7818000A4B9847AF
S113AB700300FB60FB1D1B781F22134001229A4037
S113AB801300BB603A68B968FB681800034B984728
S113AB90C046BD4604B080BDE9A9000049AA000032
S113ABA080B500AFC046BD4680BD000080B500AF93
S113ABB0064B9847064B9847064B9847064B9847D1
S113ABC0064B9847C046BD4680BDC04679A20000EA
S113ABD0559B0000991F0000A1AB0000A1AB000031
S113ABE080B582B000AF2F4B7B602F4B3B607A68FF
S113ABF03B689A420CD007E03B681A1D3A607A68B9
S113AC00111D796012681A603A68284B9A42F3D38E
S113AC10274B3B6004E03B681A1D3A6000221A602F
S113AC203A68244B9A42F6D3234B7B60234B7A68D1
S113AC30FF218A439A60224A90235B000221D1506B
S113AC40204AD37803218B43191C02230B43D3706E
S113AC501C4AD3780C218B43191C08230B43D37053
S113AC60194A937B30218B43191C20230B43937384
S113AC70154A937B0C218B43191C08230B439373B4
S113AC80114A937B03218B43191C02230B439373B7
S113AC900E4A536880210B4353600D4B98470D4B6C
S113ACA09847FEE74CB90000000000205001002046
S113ACB050010020F40C00200000000000ED00E032
S113ACC00070004100500041004800410040004134
S113ACD099B500001DAE000080B500AFFEE700008E
S113ACE080B500AF044B01221A70BFF35F8F62B6C8
S113ACF0C046BD4680BDC0464D01002080B584B02D
S113AD0000AF0200FB1D1A701A4B9B69FB60FA68C6
S113AD10F0231B011340FB60FB681B0AFB60FB680C
S113AD20022B05D8144A5368C02189000B43536091
S113AD30FB1D1B78002B16DB022B02DD032B0BD033
S113AD4011E00E4B0D4A126904218A431A610C4A20
S113AD50FB1D1B78537008E0084B084A1269042154
S113AD600A431A6101E0172300E000231800BD46DE
S113AD7004B080BD002000410040004100ED00E02F
S113AD800004004080B500AFBFF34F8F30BFC04612
S113AD90BD4680BD80B582B000AF0200FB1D1A70B5
S113ADA072B6BFF35F8F0B4B00221A70FB1D1B782A
S113ADB0013BDBB21800084B9847064B01221A707E
S113ADC0BFF35F8F62B6054B9847C046BD4602B0DD
S113ADD080BDC0464D010020FDAC000085AD0000E3
S113ADE080B582B000AFFB1D00221A7009E0FB1D84
S113ADF01B78094A0021D154FB1D1A78FB1D01322E
S113AE001A70FB1D1B78032BF1D9034B01221A7115
S113AE10C046BD4602B080BDEC0C0020F0B583B046
S113AE2000AF384B01221A70BFF35F8F62B6364B06
S113AE309847364B9847364B9847364A882308211B
S113AE40D150344B802212059A60334B9847314AD3
S113AE5094230821D1502F4B802212055A610020DF
S113AE602E4B984703003B6000237B602C4CFA2256
S113AE705200002338687968A04703000C001900C9
S113AE802200284B0024C918624108001100264CF6
S113AE90264A0023A04703000C001800244B9847BF
S113AEA0244B9847244B984700201C4B9847030099
S113AEB01D0000231E001A4C6422002328003100C8
S113AEC0A04703000C0019002200164B0024C918E7
S113AED0624108001100144C144A0023A0470300E7
S113AEE00C001800124B9847144B9847C046144B5B
S113AEF09847144B9847144B98470120134B984795
S113AF00F9E7C0464D010020ADAB0000E1AD000003
S113AF10558E00000044004151AF000095A7000089
S113AF20ADB30000571B00006DB30000581B0000B8
S113AF30010000208D100000D9210000E1AC0000C8
S113AF4041590000AD580000B535000095AD000032
S113AF50F0B585B004AF00230393002302930023CC
S113AF6001930023009300230122012109201D4C99
S113AF70A047002303938023DB0202930023019361
S113AF80002300930023012200210820154CA04730
S113AF900A20154B98470B20134B98470020134B5E
S113AFA0984703001D0000231E00114C6422002357
S113AFB028003100A04703000C00190022000D4BAB
S113AFC00024C9186241080011000B4C0B4A0023ED
S113AFD0A04703000C001800094B9847C046BD4623
S113AFE001B0F0BD150100002502000095A7000086
S113AFF0ADB30000571B00006DB30000581B0000E8
S113B00001000020002243088B4274D303098B42C1
S113B0105FD3030A8B4244D3030B8B4228D3030C24
S113B0208B420DD3FF22090212BA030C8B4202D3C6
S113B0301212090265D0030B8B4219D300E0090AEE
S113B040C30B8B4201D3CB03C01A5241830B8B42F7
S113B05001D38B03C01A5241430B8B4201D34B03E0
S113B060C01A5241030B8B4201D30B03C01A524145
S113B070C30A8B4201D3CB02C01A5241830A8B42CA
S113B08001D38B02C01A5241430A8B4201D34B02B3
S113B090C01A5241030A8B4201D30B02C01A524117
S113B0A0CDD2C3098B4201D3CB01C01A52418309CB
S113B0B08B4201D38B01C01A524143098B4201D305
S113B0C04B01C01A524103098B4201D30B01C01A30
S113B0D05241C3088B4201D3CB00C01A52418308AA
S113B0E08B4201D38B00C01A524143088B4201D3D7
S113B0F04B00C01A5241411A00D201465241104637
S113B1007047FFE701B5002000F0F0F802BDC0462B
S113B1100029F7D076E7704703460B437FD400221B
S113B12043088B4274D303098B425FD3030A8B42D7
S113B13044D3030B8B4228D3030C8B420DD3FF2241
S113B140090212BA030C8B4202D31212090265D00F
S113B150030B8B4219D300E0090AC30B8B4201D3C2
S113B160CB03C01A5241830B8B4201D38B03C01A09
S113B1705241430B8B4201D34B03C01A5241030B80
S113B1808B4201D30B03C01A5241C30A8B4201D331
S113B190CB02C01A5241830A8B4201D38B02C01ADC
S113B1A05241430A8B4201D34B02C01A5241030A53
S113B1B08B4201D30B02C01A5241CDD2C3098B4238
S113B1C001D3CB01C01A524183098B4201D38B01B5
S113B1D0C01A524143098B4201D34B01C01A524158
S113B1E003098B4201D30B01C01A5241C3088B429D
S113B1F001D3CB00C01A524183088B4201D38B0088
S113B200C01A524143088B4201D34B00C01A524129
S113B210411A00D201465241104670475DE0CA0F00
S113B22000D04942031000D34042534000229C46C0
S113B23003098B422DD3030A8B4212D3FC228901CA
S113B24012BA030A8B420CD3890192118B4208D3A0
S113B250890192118B4204D389013AD0921100E002
S113B2608909C3098B4201D3CB01C01A5241830916
S113B2708B4201D38B01C01A524143098B4201D343
S113B2804B01C01A524103098B4201D30B01C01A6E
S113B2905241C3088B4201D3CB00C01A52418308E8
S113B2A08B4201D38B00C01A5241D9D243088B423E
S113B2B001D34B00C01A5241411A00D201466346E1
S113B2C052415B10104601D34042002B00D5494245
S113B2D0704763465B1000D3404201B5002000F084
S113B2E005F802BD0029F8D016E770477047C0463C
S113B2F01C2101231B04984201D3000C10391B0AA2
S113B300984201D3000A08391B09984201D3000965
S113B310043902A2105C40187047C04604030202BC
S113B320010101010000000000000000414208404A
S113B3301C2101231B04984201D3000C10391B0A61
S113B340984201D3000A08391B09984201D3000925
S113B350043902A2105C401A7047C0461B1C1D1D14
S113B3601E1E1E1E1F1F1F1F1F1F1F1F002B11D15C
S113B370002A0FD1002900D1002802D00021C9439E
S113B380081C07B4024802A14018029003BDC0463D
S113B3905DFFFFFF03B4684601B5029800F030F882
S113B3A0019B9E4602B00CBC7047C046F0B5CE4629
S113B3B0474615042D0C2E0080B50704140C3F0CD1
S113B3C09946030C7E435D43674363437F19340C02
S113B3D0E4199C46A54203D980235B029846C444E1
S113B3E04B46514343433604360C250C2404654430
S113B3F0A4195918491920000CBC90469946F0BD6F
S113B400F0B557464E464546DE46E0B5040083B0E7
S113B4100D00924699468B422FD82CD0494650466F
S113B42000F0AEF829000600200000F0A9F8331A55
S113B4309846203B9B4600D574E053465A469340B9
S113B4401F005346424693401E00AF4229D826D0DF
S113B4505B46A41BBD41002B00DA79E000220023E7
S113B4600092019301235A469340019301234246DB
S113B4709340009319E08242D0D900220023009225
S113B48001930C9B002B01D01C605D600098019916
S113B49003B03CBC90469946A246AB46F0BDA342DD
S113B4A0D6D900220023009201934346002BE8D012
S113B4B0FB0772081A4346467B080EE0AB4201D1F3
S113B4C0A2420CD8A41A9D41012024196D410021E7
S113B4D0013E24184D41002E06D0AB42EED9013E68
S113B4E024196D41002EF8D15B460098019900198A
S113B4F06941002B22DB2B005A46D3402A004446E4
S113B500E2401C005B461500002B2CDB26009E400D
S113B510330026004746BE403200801A994100900D
S113B5200191AEE7424620239B1A5246DA40414637
S113B53013004A468A4017001F4382E742462023ED
S113B5409B1A2A0046469A402300F3401343D5E74A
S113B5504246202300219B1A0022009101920122DD
S113B560DA40019282E74246202326009B1ADE40FD
S113B5702F00B446974066463B003343C9E7C046B4
S113B58010B5002903D1FFF7B3FE203002E0081CF8
S113B590FFF7AEFE10BDC04670B500260C4D0D4C35
S113B5A0641BA410A64209D1002600F0BBF90A4D81
S113B5B00A4C641BA410A64205D170BDB300EB581D
S113B5C098470136EEE7B300EB5898470136F2E7A7
S113B5D030B9000030B9000030B9000034B90000BF
S113B5E0002310B59A4200D110BDCC5CC454013381
S113B5F0F8E703008218934200D1704719700133B1
S113B600F9E700000A00000064000000E8030000FD
S113B61010270000000000000000000000000000EF
S113B620000000000A0000000C0000000D000000F3
S113B6300F00000014000000190000001E000000AC
S113B64023000000280000002D000000320000004C
S113B650370000003C0000004600000050000000DD
S113B660000000000A0000000C0000000D000000B3
S113B6700F000000140000001A0000001E0000006B
S113B68023000000280000002D000000340000000A
S113B690370000003C00000046000000500000009D
S113B6A02257617665526563204D656D6F7279220C
S113B6B000000000E11500003916000085160000A6
S113B6C0D1160000011700004D180000BD1900003C
S113B6D0A0B60000782C0000AA2C0000AA2C0000C0
S113B6E05C2C0000AA2C0000AA2C0000AA2C00004C
S113B6F0AA2C0000AA2C0000AA2C0000AA2C0000EE
S113B700AA2C0000AA2C0000AA2C0000AA2C0000DD
S113B710AA2C0000AA2C0000AA2C0000622C000015
S113B720AA2C0000AA2C0000AA2C0000AA2C0000BD
S113B730AA2C0000AA2C0000AA2C0000682C0000EF
S113B740842C0000AA2C0000AA2C00008A2C0000E3
S113B750AA2C0000AA2C0000AA2C0000AA2C00008D
S113B760AA2C0000AA2C00007E2C0000AA2C0000A9
S113B770AA2C00009A2C0000AA2C0000A22C000085
S113B780AA2C0000AA2C0000AA2C0000AA2C00005D
S113B790902C0000AA2C0000AA2C0000AA2C000067
S113B7A0AA2C0000AA2C0000AA2C0000AA2C00003D
S113B7B0AA2C0000AA2C0000AA2C0000AA2C00002D
S113B7C0AA2C0000AA2C0000AA2C0000AA2C00001D
S113B7D0AA2C0000AA2C0000AA2C0000AA2C00000D
S113B7E0AA2C0000AA2C0000AA2C0000AA2C0000FD
S113B7F0AA2C0000AA2C0000AA2C0000AA2C0000ED
S113B800AA2C0000AA2C0000AA2C0000AA2C0000DC
S113B810AA2C0000AA2C0000AA2C0000AA2C0000CC
S113B820AA2C0000AA2C0000AA2C0000AA2C0000BC
S113B830AA2C0000AA2C0000AA2C0000702C0000E6
S113B84034320000BA410000A2410000BA410000B5
S113B850AA410000BA4100009A410000BA41000028
S113B860BA410000BA410000B241000000030201E5
S113B87004000800700080000100000100020000C4
S113B880030C106092660000A866000014680000B3
S113B890E2680000B069000000080042000C0042A9
S113B8A0001000420014004200180042001C004234
S113B8B0090A0B0C0D0E0000069E0000809E00007D
S113B8C0809E0000249E00001E9E00002A9E000010
S113B8D00C9E0000309E0000669E00004CA10000FB
S113B8E09CA100009CA1000098A100003EA10000C2
S113B8F05EA100002EA1000070A1000082A1000042
S113B900EAA1000018A2000018A2000014A200007E
S113B910E4A10000F0A10000DEA10000F6A10000F7
S113B920FCA10000F8B5C046F8BC08BC9E467047B0
S113B930DD000000F8B5C046F8BC08BC9E46704760
S107B940B50000004A
S10BB944BCFAFF7F01000000C2
S113B94CBFF35F8F01380028FAD170470200000062
S113B95C1201000200000040EB0303240001010269
S113B96C0301000009024000020100C06409040044
S113B97C000208065000070581024000000705027A
S113B98C0240000009040100020300000009211117
S113B99C0100012235000705830308000407050490
S113B9AC03080004D800002080000020240000209C
S113B9BC64000020100000206C0000200000000037
S113B9CCE11C00002D1D0000411D00006D1D000038
S113B9DC0000000006FFFF0901A10109020903157B
S113B9EC0026FF007508954081020904090515001D
S113B9FC26FF0075089540910209060907150026D3
S113BA0CFF0075089508B102C0000000C8020020B0
S113BA1C0008004204030020692900001D2A0000CC
S113BA2C4D2A0000112B0000000000005553425316
S113BA3C00000000000000000001010000000302EF
S113BA4C1F00000049425353204C474100000000A2
S113BA5C000000000000000000000000312E303017
S113BA6C04030904494253535F4C4741000000004E
S113BA7C5761766552656300000300000000000006
S113BA8C000000000000000000000000090100009C
S903ABE170
